index,token0,token1,poolAddress,binStep,protocol,blockNumber
0,0xc6418b069872B31a2d13192bF5760884E9C30Bb4,0xB31f66AA3C1e785363F0875A1B74E27b85FD66c7,0x50bFA5Cbb8707FdDfFAc9faeD22206243f0257Ce,100.0,traderjoe,42700987.0
1,0x810A45ecaA8077C8d1fdbfe03E0cA96015cb79E2,0xB31f66AA3C1e785363F0875A1B74E27b85FD66c7,0xD6a21890eD964874f14bC02d575208576802Db9f,100.0,traderjoe,42704508.0
2,0xA46A57660FaF84e2E56dfaB8B59b5024DA9658FA,0xB31f66AA3C1e785363F0875A1B74E27b85FD66c7,0x016896B7482365Ca1bA848B96cB7F4f9c50Ab089,100.0,traderjoe,42704655.0
3,0xA72d3Ec34E71efe50ca339a6ef5bd743b7Cce29B,0xB31f66AA3C1e785363F0875A1B74E27b85FD66c7,0x4B841b0d97f522471C88bC46fa29050E0938BaB3,25.0,traderjoe,42708595.0
4,0xA72d3Ec34E71efe50ca339a6ef5bd743b7Cce29B,0xB31f66AA3C1e785363F0875A1B74E27b85FD66c7,0x88E1A7172f5084B78143C331B49Cf95ae4Cc58c7,100.0,traderjoe,42708626.0
5,0x70f8C3111B6BFd5A9cda8F7926006AfE8418BC27,0xB31f66AA3C1e785363F0875A1B74E27b85FD66c7,0x0F79Fd78450b95dcd2EDDe9A76512c3565688516,100.0,traderjoe,42709469.0
6,0xa7E951C0Ae1E93aF39d73bf3D2f24F72CaB73181,0xB31f66AA3C1e785363F0875A1B74E27b85FD66c7,0x6DfbbDb69952706675Bb5014917285F3d66BFAf5,100.0,traderjoe,42712488.0
7,0x169e8f8773072CE4B87fB7e7a47eeD31B481a31f,0xB31f66AA3C1e785363F0875A1B74E27b85FD66c7,0x3A88c06bb376cd8bDD2E2e0b6734E0EE055cd163,100.0,traderjoe,42727097.0
8,0x40c107Cc1d241Fa8B46AA8367D2BEE025FBDec2C,0xB97EF9Ef8734C71904D8002F8b6Bc66Dd9c48a6E,0x8558CE0b763E05B9159AA4Ff79EBD24E2ee8B091,100.0,traderjoe,40000951.0
9,0x8308Aac4Ab4436df639cb2569B0052311c587E6f,0xB31f66AA3C1e785363F0875A1B74E27b85FD66c7,0xc78401a79c57dB796F6fB36A18C8f52e056EbB77,50.0,traderjoe,40011921.0
10,0xc93e9343382f7711C9eC723D00Ec73537d867972,0xB31f66AA3C1e785363F0875A1B74E27b85FD66c7,0x8D76E49E33fF7B3bCB40DE124CfC7067B5B395e9,50.0,traderjoe,40012967.0
11,0x8CCd5f2264bcEEb6E56ae0c44D3F7c02B4E2cA81,0xB31f66AA3C1e785363F0875A1B74E27b85FD66c7,0x21C8b74e816c6d731d956e093E2F3D76aEf84d06,25.0,traderjoe,40013301.0
12,0x8CCd5f2264bcEEb6E56ae0c44D3F7c02B4E2cA81,0xB31f66AA3C1e785363F0875A1B74E27b85FD66c7,0xA2e00ddaB7f7a20459B0C3c0c27847150b677dD6,50.0,traderjoe,40013670.0
13,0x8CCd5f2264bcEEb6E56ae0c44D3F7c02B4E2cA81,0xB31f66AA3C1e785363F0875A1B74E27b85FD66c7,0xB4DcfC7C9a5e400a47a7DD19B70075d49Ac0F678,100.0,traderjoe,40013837.0
14,0x016916c6afd0dC4595BFc28404568577DF5cCD08,0xB31f66AA3C1e785363F0875A1B74E27b85FD66c7,0x0AeE30A050F3E4B08d66249c948b41b8708Ec729,25.0,traderjoe,40015920.0
15,0x354760F8Ff1b74C50de432dD67EF3fb31ED9D14D,0xB31f66AA3C1e785363F0875A1B74E27b85FD66c7,0x5A7080e69a72d6f66Ab46e6C0aA2850194DB782f,25.0,traderjoe,40016334.0
16,0x354760F8Ff1b74C50de432dD67EF3fb31ED9D14D,0xB31f66AA3C1e785363F0875A1B74E27b85FD66c7,0xca00F8668B6D367A35D6A0D45f7686AFd77D17e5,50.0,traderjoe,40016562.0
17,0xAceD94Abb5E1889Ae10eC4dF844e9eFd49Bc3050,0xB31f66AA3C1e785363F0875A1B74E27b85FD66c7,0xc77104501F4A348e372779dadff89daF581a3223,100.0,traderjoe,40016963.0
18,0xEbFcEEe50b04D099c51fE41eFb1Be3fED1708a48,0xB31f66AA3C1e785363F0875A1B74E27b85FD66c7,0xb85793E254bae043F2dc5902AE8cf7Ab74c8f565,25.0,traderjoe,40017586.0
19,0x5D7c9f2E69A458D54C21A20E36F7b60C90D66C86,0xB31f66AA3C1e785363F0875A1B74E27b85FD66c7,0xe730C7a9af2B6933Ad9006bBa280B4E834520ec4,100.0,traderjoe,40018862.0
20,0x31FB8e79730998ECe60947342aF7200C86D7cC51,0xB31f66AA3C1e785363F0875A1B74E27b85FD66c7,0x17779908245122d13B8a236bEb5a61169bb2eE04,25.0,traderjoe,40024858.0
21,0x31FB8e79730998ECe60947342aF7200C86D7cC51,0xB31f66AA3C1e785363F0875A1B74E27b85FD66c7,0x5234fE6919Cc25c1314f3cf828471D1BE9685117,50.0,traderjoe,40025113.0
22,0x31FB8e79730998ECe60947342aF7200C86D7cC51,0xB31f66AA3C1e785363F0875A1B74E27b85FD66c7,0x2e83FdE1202FDE1f92Ca613d6a06A565719f19aE,100.0,traderjoe,40025264.0
23,0x32d87b660C1164885472172060c2f62975405Ab3,0xB31f66AA3C1e785363F0875A1B74E27b85FD66c7,0x49D50BC8708c7DE65eB6e30318e5D2D69693FDe0,25.0,traderjoe,40025508.0
24,0x32d87b660C1164885472172060c2f62975405Ab3,0xB31f66AA3C1e785363F0875A1B74E27b85FD66c7,0xA9a88713b8F825174500Ab14b2F98Fb6F31b7ab4,50.0,traderjoe,40025681.0
25,0x32d87b660C1164885472172060c2f62975405Ab3,0xB31f66AA3C1e785363F0875A1B74E27b85FD66c7,0x5a494CFF670CBf1eEFdF2a5b15eC71dB62d9Ea07,100.0,traderjoe,40026211.0
26,0x9f4D3ebe7822813A488DA13F54deC232A9E9Bf53,0xB31f66AA3C1e785363F0875A1B74E27b85FD66c7,0xBC286e36DA8489A0AB2e038413Bf2ae3c3ffe720,50.0,traderjoe,40026681.0
27,0xECe20454aE51451eD6bd6c37041842349D647073,0xB31f66AA3C1e785363F0875A1B74E27b85FD66c7,0xE89fF57d7ca3fF7Ebfa6208467f40f48ffbE753e,100.0,traderjoe,40026941.0
28,0x9f4D3ebe7822813A488DA13F54deC232A9E9Bf53,0xB31f66AA3C1e785363F0875A1B74E27b85FD66c7,0x0C7837B135B35e117149eD0E4C97ea7AA7B29501,25.0,traderjoe,40027045.0
29,0x4EfC27c4b2F8A734C5de09B95075A077456588f5,0xB31f66AA3C1e785363F0875A1B74E27b85FD66c7,0x652219934cbdf7357954D52E7E474D2A8Ce7c547,50.0,traderjoe,40027180.0
30,0x9f4D3ebe7822813A488DA13F54deC232A9E9Bf53,0xB31f66AA3C1e785363F0875A1B74E27b85FD66c7,0x0Fe81a7da49Ca7f8349AAf609CDAfe6770bBc914,100.0,traderjoe,40027228.0
31,0x892D90A3E178cd7800E58F0E5F8E444c791cbf42,0xB31f66AA3C1e785363F0875A1B74E27b85FD66c7,0x80fDdF2eDBb639b66c55B1f847CCe94ADbd46ee7,100.0,traderjoe,40027620.0
32,0xc0400EB0cff1a4d61554B69000AB4041aC3cCE13,0xB31f66AA3C1e785363F0875A1B74E27b85FD66c7,0x25B9566Ed2c3C33a8F2Ed069d7f2Af810Ce967f7,100.0,traderjoe,40029177.0
33,0xAF08982707AF369A25631C81Fe256cD325F0b201,0xB31f66AA3C1e785363F0875A1B74E27b85FD66c7,0xc5B398C99FAB5c5F1d39a0f7543451aBF7c8f239,100.0,traderjoe,40032426.0
34,0xd37b3478ca2004050d0a74D778B9Ea7e17862086,0xB31f66AA3C1e785363F0875A1B74E27b85FD66c7,0xb96923C4d2eCD16B4D91f089F71CE81aaAeb0750,100.0,traderjoe,40033673.0
35,0xA8831AB94230AEa8b1bdCa5c75d5cB60E11Bb6f6,0xB31f66AA3C1e785363F0875A1B74E27b85FD66c7,0x44ed7aAAB37341E004038AC78d12223C1aF0e5f5,100.0,traderjoe,40035197.0
36,0x49A62bf16fdfcE6AE1Aee357A96A807b959885f6,0xB31f66AA3C1e785363F0875A1B74E27b85FD66c7,0x18a1A999Df7e4476C20AC37fC1fC17ea0E5fdCa7,100.0,traderjoe,40037442.0
37,0xa799E6B1e2c82094851Fe8d80F44517f918D5947,0xB31f66AA3C1e785363F0875A1B74E27b85FD66c7,0x14c5f13eEC14Bb17770F0d4F1Ba89aa9c5826dE2,50.0,traderjoe,40043945.0
38,0x676078cF46594AaCbAbcCD003C5D419347116726,0xB31f66AA3C1e785363F0875A1B74E27b85FD66c7,0x307c8C755494503FEF8F0FE75c296fB4978306a6,100.0,traderjoe,40044410.0
39,0x40c107Cc1d241Fa8B46AA8367D2BEE025FBDec2C,0xB97EF9Ef8734C71904D8002F8b6Bc66Dd9c48a6E,0x5498BdDDB92c90C5A7a5cBa69544591918eAef00,25.0,traderjoe,40045832.0
40,0xD0EBd33ACD9707152606F012e6eD621237aeFb8a,0xB31f66AA3C1e785363F0875A1B74E27b85FD66c7,0x3CE50DBECDcc92759Ef578361952d850B2254c1D,100.0,traderjoe,40049065.0
41,0xC460BEB5B54196EF61C7FF5104FD6FE8A9Bd82D7,0xB31f66AA3C1e785363F0875A1B74E27b85FD66c7,0x7da7D241Ce91eb6E9D1c6eCCC677F37d4f6ACEe0,100.0,traderjoe,40051000.0
42,0xd02A19AC9A1A47bDBb412f18d7D08c426F194523,0xB31f66AA3C1e785363F0875A1B74E27b85FD66c7,0x1A74bba057662d3651C957fF617eEb5E864B6815,100.0,traderjoe,40051590.0
43,0xf1BfAE62b609B964A45d02B526D939439c2bb01a,0xB31f66AA3C1e785363F0875A1B74E27b85FD66c7,0xF153AaB3ceDfbFB48F55888623CbFC5FDE598A7c,100.0,traderjoe,40053136.0
44,0x1dc358953184ED251AeD077788e8DACbD6B533c1,0xB31f66AA3C1e785363F0875A1B74E27b85FD66c7,0x88158b06D3E81dBee5765d4FC8Be49fB4fC24996,25.0,traderjoe,40063729.0
45,0x4f58B6C34ecf10E2569662fdCB004f057A9Ff528,0xB97EF9Ef8734C71904D8002F8b6Bc66Dd9c48a6E,0xED1d782097934f6e4aE175A99852C6576522F5B8,100.0,traderjoe,40063821.0
46,0x9E63A9b9659763527DCbAd98124c74073cA19fF2,0xB31f66AA3C1e785363F0875A1B74E27b85FD66c7,0x268Bbc0399000c24Ba4537C8E69d8433c0601E73,100.0,traderjoe,40065443.0
47,0xa383c1E1f12e816Db87711f25028b8459ddD4926,0xB31f66AA3C1e785363F0875A1B74E27b85FD66c7,0x703891789bE3e2E9eFc7Ff097FeFA4aD4378B00F,100.0,traderjoe,40068103.0
48,0x1A971885e495B245F3cC068462453fC881fa88E0,0xB31f66AA3C1e785363F0875A1B74E27b85FD66c7,0x3Bf4885237f857B9668d2C44fA9Ccd37B9c988e7,100.0,traderjoe,40082408.0
49,0x58D3aB9d485f6284D3b5437C3E567bC5d7F80a0c,0xB31f66AA3C1e785363F0875A1B74E27b85FD66c7,0xCfd4A35e403ea2eD7eE5Caa955ff06a7078aef61,100.0,traderjoe,40096183.0
50,0x05cAbFd82B81fE52C6BcB2064Af1B26eA89e717B,0xB31f66AA3C1e785363F0875A1B74E27b85FD66c7,0xE4050260932c842A8420FADe2de8F955FDCdA5f3,100.0,traderjoe,40112540.0
51,0xE94483fDAD5FC6dD6791c8437Af44F9342072d8a,0xB31f66AA3C1e785363F0875A1B74E27b85FD66c7,0xC9f6741DDd0Be3177B5a5bAE70A8C58338E3b2CF,100.0,traderjoe,40120494.0
52,0x727174133082690864cA59b50587E542A3C6d7d4,0xB31f66AA3C1e785363F0875A1B74E27b85FD66c7,0x19fb2F9f590B5C498f12FB1B869b2F5816C2191a,100.0,traderjoe,40121943.0
53,0x13E7bceFddE72492E656f3fa58baE6029708e673,0x9702230A8Ea53601f5cD2dc00fDBc13d4dF4A8c7,0x62fADce56b2B18cD4a0eC02E43f3faCc7366F734,100.0,traderjoe,40129711.0
54,0x838247DFcFA3000700901EFB36E14d0BCBDfBC29,0xB31f66AA3C1e785363F0875A1B74E27b85FD66c7,0x8d79Fbe5F4D01aaCb1B5613D64c53f33d87e2028,100.0,traderjoe,40132919.0
55,0xa77e70d0Af1Ac7fF86726740dB1Bd065c3566937,0x9702230A8Ea53601f5cD2dc00fDBc13d4dF4A8c7,0x1A601f844d27212965B846A4CD836A9C90cd2662,100.0,traderjoe,40138843.0
56,0xa77e70d0Af1Ac7fF86726740dB1Bd065c3566937,0x9702230A8Ea53601f5cD2dc00fDBc13d4dF4A8c7,0x88E74CE12CfB2dC62b84AACF963DFF8422aEf1F7,50.0,traderjoe,40139826.0
57,0x3D600a46478C9bc18CF39B559963900dE00a8E3F,0xB31f66AA3C1e785363F0875A1B74E27b85FD66c7,0x9515883857be9927A0329DD348ED57bbB24b0ebB,100.0,traderjoe,40141995.0
58,0xa92d5C24818D8856Bf44351E8896Ad8d4460fE78,0xB31f66AA3C1e785363F0875A1B74E27b85FD66c7,0x09798205Dacd6bbd2C9e99cCD0A3c330bb1839C8,100.0,traderjoe,40148078.0
59,0xBF81802169FD4B41e005FAD61b9E18eb84152513,0xB31f66AA3C1e785363F0875A1B74E27b85FD66c7,0x23425a95b845D18C05cB2652d7f6AE98e862e018,100.0,traderjoe,40151804.0
60,0x86b2e03ece59926fb424531798eaad6c8EbdC8fe,0xB31f66AA3C1e785363F0875A1B74E27b85FD66c7,0x073ec3dE939fa41C514731710Cb9A0242B583257,100.0,traderjoe,40160787.0
61,0x22138d473313Ee1AD4a495e4fA8ac54BaCD05EdF,0x9702230A8Ea53601f5cD2dc00fDBc13d4dF4A8c7,0x4758567C4037C7B813Fe3cd71cB612Eb0B90195F,50.0,traderjoe,40170990.0
62,0x8F2781855D35f9546717D8A67AD659775C8d6E80,0xB31f66AA3C1e785363F0875A1B74E27b85FD66c7,0xf435A29e77A17eddea3fF02448F45948D1E9551E,100.0,traderjoe,40187763.0
63,0x1E7e46945e50BBe7dF7014C086b642E6B7B4a625,0xB31f66AA3C1e785363F0875A1B74E27b85FD66c7,0x901A995770f1EB1CD3d1D4F94cdd3827BcbC1495,25.0,traderjoe,40188687.0
64,0x1E7e46945e50BBe7dF7014C086b642E6B7B4a625,0xB31f66AA3C1e785363F0875A1B74E27b85FD66c7,0xB90f02754686879C347E11e5575F1FA210fC617B,100.0,traderjoe,40188752.0
65,0x1E7e46945e50BBe7dF7014C086b642E6B7B4a625,0xB31f66AA3C1e785363F0875A1B74E27b85FD66c7,0xB2d74a819f216F2A2c1E882631815e905F38C2dE,50.0,traderjoe,40190305.0
66,0xD8A773a39f3221c5412Fc2B1fc110B99497B397E,0xB97EF9Ef8734C71904D8002F8b6Bc66Dd9c48a6E,0x17F3c56Fdb9A9e3773e8591ff955226de0877Db5,50.0,traderjoe,40200127.0
67,0x55552fb8a472c2E9e8700B56Aa912A6a0F25C34b,0xB97EF9Ef8734C71904D8002F8b6Bc66Dd9c48a6E,0x8C15C4a4DE1e3399aaAE8578FCC860B3ca5ADc8b,100.0,traderjoe,40203333.0
68,0x55552fb8a472c2E9e8700B56Aa912A6a0F25C34b,0xB31f66AA3C1e785363F0875A1B74E27b85FD66c7,0xfd949FfDB799b4f284d266400E9eBC98C5A9F26F,50.0,traderjoe,40203573.0
69,0x2dF93D050AEa0B5c496dD6DD436CbF432C9B0c16,0xB31f66AA3C1e785363F0875A1B74E27b85FD66c7,0x8145Bc664F9B8e34f6fd60bC6f5B4722Db588086,50.0,traderjoe,40213937.0
70,0x3e6A2314eDB0599b2D4Bc23812EDEb993c1916E6,0xB31f66AA3C1e785363F0875A1B74E27b85FD66c7,0x47e13a6973EcF05D2ff09522c55603C291DB6A38,100.0,traderjoe,40215033.0
71,0xc09304620876777d0958Ce568257e46F8445BA4f,0xB31f66AA3C1e785363F0875A1B74E27b85FD66c7,0x8EF398433847E939F992D398FEbfFbCb6752b9a0,100.0,traderjoe,40219443.0
72,0x952fE66c25a8C142D3A8ECB77196389d7A2d1BE3,0xB31f66AA3C1e785363F0875A1B74E27b85FD66c7,0xA0554e93f022385cB30BE7906d0FcF6351cb31AC,100.0,traderjoe,40225388.0
73,0xBebAC01707a6DCAd6E40751870e6b422423482C6,0xB31f66AA3C1e785363F0875A1B74E27b85FD66c7,0x9C8008ecd8Ba4aFD27185f2e0342f11077498082,100.0,traderjoe,40225506.0
74,0xe40C77e8bCc8CB171dd5dAfA7DA24CCC390f1A40,0xB31f66AA3C1e785363F0875A1B74E27b85FD66c7,0x402011DbfBd962a67eCad668B7E46c328eAcb545,100.0,traderjoe,40226295.0
75,0x4E144AF871D065D38f55773D3f2542aA9C184ba8,0xB31f66AA3C1e785363F0875A1B74E27b85FD66c7,0x8e1fC0FaCFf09Ae34B378D8aa0F908DCdeEf23ad,50.0,traderjoe,40238353.0
76,0x4E7650DF9cc9b3C065eb1b5d9e3e0EE2C4323716,0xB31f66AA3C1e785363F0875A1B74E27b85FD66c7,0x0a657e331B3be7DaefD14EA186cE7c1bd9131A59,25.0,traderjoe,40239727.0
77,0xa65F3e774ecb72A8b150101E7cA14133C1CdB4Fb,0xB31f66AA3C1e785363F0875A1B74E27b85FD66c7,0x284b60EEAB68bEC28Ef1169c89914Cb86341fDd5,25.0,traderjoe,40242737.0
78,0x62C5c1e649B3363f7Aeb9d15a991E622Cc23b43a,0xB31f66AA3C1e785363F0875A1B74E27b85FD66c7,0x9Be7EA6725a5EEEf16CaB7dE1537bcc3Ac57873f,100.0,traderjoe,40244154.0
79,0xc10EE2C24F265C54b16fCD51a5170cac70208bec,0xB31f66AA3C1e785363F0875A1B74E27b85FD66c7,0x1e85ec4ff94f161131322b0045295DE222c5DF8B,100.0,traderjoe,40245012.0
80,0x323665443CEf804A3b5206103304BD4872EA4253,0xB31f66AA3C1e785363F0875A1B74E27b85FD66c7,0x2edB382A7eEbD8a936010775a4688C2aD366070f,25.0,traderjoe,40265431.0
81,0x6f97D3F120fBbDaacF1c9da61a8aD126b7426861,0xB31f66AA3C1e785363F0875A1B74E27b85FD66c7,0x4C46Ea0265efb51F90d405FB27Bac92ff1BeB274,100.0,traderjoe,40266036.0
82,0x56e8380836c937621C54511465070c15aeAa2cFd,0xB31f66AA3C1e785363F0875A1B74E27b85FD66c7,0x657FF05a5B1e954bf5CA7A5c5e47Ac79904A5373,25.0,traderjoe,40266417.0
83,0xdF2C5Dc0f796189307302c107934AF0cCc68aFa1,0xB31f66AA3C1e785363F0875A1B74E27b85FD66c7,0x161E04d71D8117e28a3343833a7e98cA5b2B97d5,100.0,traderjoe,40268466.0
84,0xa9eC9d38Df9Fcaf103FDAc7036B33CC526Ff528C,0xB31f66AA3C1e785363F0875A1B74E27b85FD66c7,0x7d0d4C35f8689E4a94A228849C26b8aD86b6B067,100.0,traderjoe,40273964.0
85,0x236626887687bf6a102269207f8f0A08549Ae4f4,0xB97EF9Ef8734C71904D8002F8b6Bc66Dd9c48a6E,0xd76a1fd2AdD1fd7d6c92E022D8584913102d205a,100.0,traderjoe,40276572.0
86,0xc398D530c5678c1fFcc75a321d888060F5017d3b,0xB31f66AA3C1e785363F0875A1B74E27b85FD66c7,0x294CbA0D19fA32CB5C1e8ECB2B89e367189969BF,100.0,traderjoe,40279615.0
87,0xA3519608ef7ffF70e374B472E0974651a4Bf4e78,0xB31f66AA3C1e785363F0875A1B74E27b85FD66c7,0x88CfcBD91Bae9430b0c707aE17203ff93Cf6ded2,100.0,traderjoe,40281266.0
88,0x48dB180DCAB06e89CF442Ceab7e10936e56fcf55,0xB31f66AA3C1e785363F0875A1B74E27b85FD66c7,0xa67962c263CE1f5E76437d1b4B709228D4300Fd1,100.0,traderjoe,40282403.0
89,0x833E1c95B793e33191AB1E3E74C63d8A7E5204F8,0xB31f66AA3C1e785363F0875A1B74E27b85FD66c7,0x8366120a87958E8938Ec0a139d531d8b0B5d20F9,100.0,traderjoe,40282909.0
90,0x05Af1e2410E1957aE501331456BF65be682F429f,0xB31f66AA3C1e785363F0875A1B74E27b85FD66c7,0xeFEdd64Ee3f9d56602A938411bd6aAAA21f13ed3,100.0,traderjoe,40282973.0
91,0x0Eb35E3d94AebBA14611A298d85BA9c366CEB231,0xB31f66AA3C1e785363F0875A1B74E27b85FD66c7,0xE6A7c25cC1b81087412142963E2c34E05cEB86cC,25.0,traderjoe,40293590.0
92,0xf2f13f0B7008ab2FA4A2418F4ccC3684E49D20Eb,0xB97EF9Ef8734C71904D8002F8b6Bc66Dd9c48a6E,0x1d9fAD915d4F2E2d2F400Eede05DB0Df03cC3300,100.0,traderjoe,40295578.0
93,0x38be52be3026ca8B114851e24c9446F227f94bd9,0xB31f66AA3C1e785363F0875A1B74E27b85FD66c7,0x27460371E5506be866aD1922b366fA49380d3Eb3,50.0,traderjoe,40299374.0
94,0xdd56cBf5fAaFFf514eEb44a70EBa752b1cd73055,0xB31f66AA3C1e785363F0875A1B74E27b85FD66c7,0xCc83dfA0C34f33aC34B5C7a8cF1FED06dc884000,25.0,traderjoe,40301545.0
95,0x56980485cF90c93fF50590A6f15a3aEa80b1413C,0xB31f66AA3C1e785363F0875A1B74E27b85FD66c7,0x2dAF839b00Cb92537608e41352D64CC59B68341e,100.0,traderjoe,40305408.0
96,0x1112bB85cd81400bCFA482ee6D2637B4Fdb7a608,0xB31f66AA3C1e785363F0875A1B74E27b85FD66c7,0x848e8546744767A390ab5564AED06F599aF642EF,100.0,traderjoe,40305637.0
97,0x20f82a0F17b8591692f72b46cCF3a16544ABCB98,0xB31f66AA3C1e785363F0875A1B74E27b85FD66c7,0x4C7D77E9DB92CeF01CD88e9D49f074008aeb9F82,25.0,traderjoe,40306341.0
98,0x646E3C7db894951DD6314215765AaB018Ca8977F,0xB31f66AA3C1e785363F0875A1B74E27b85FD66c7,0x55D21F720bdc4e6a53c7dd5d7fdE74b42546aDA4,100.0,traderjoe,40309785.0
99,0xe2282806a7C3c41465CfCFa5416FB1a89D561e8C,0xB31f66AA3C1e785363F0875A1B74E27b85FD66c7,0xB7772D9f290443e88089d0FB8f34a592bDB93545,100.0,traderjoe,40325553.0
100,0xe22383595a4f742659830c4D489A685C70C905d4,0xB31f66AA3C1e785363F0875A1B74E27b85FD66c7,0xcF334a56513dB97239458dc1767Cdf8B0832226d,100.0,traderjoe,40326147.0
101,0x96cF80975Cda6f2880f12f1cBfc6D7716aCdD3D6,0xB31f66AA3C1e785363F0875A1B74E27b85FD66c7,0xAD62D3b16442B884F527777Caf8CF0560F8625EF,100.0,traderjoe,40327005.0
102,0xeE54825D32FD4E9F479A292460203BFb8beac885,0xB31f66AA3C1e785363F0875A1B74E27b85FD66c7,0x8571f325e80730BF36cd1c58143123E556B7a983,100.0,traderjoe,40330351.0
103,0x23406acDc6dA333129b52656dC5ED7315D5381DA,0xB31f66AA3C1e785363F0875A1B74E27b85FD66c7,0x6c0E2bF22c1081332C96304A3f1AD4f27cDf8298,100.0,traderjoe,40344887.0
104,0x000aa7a1b3694BDa94AFFD63111863350EF451b9,0xB31f66AA3C1e785363F0875A1B74E27b85FD66c7,0x520cfCCFB74858bAaf9c2858487Df2D2f0FEfC8f,100.0,traderjoe,40345396.0
105,0xF098caF551b571f18c01BfF23fA172544Ce182CF,0xB31f66AA3C1e785363F0875A1B74E27b85FD66c7,0x817866CaCA70971E0F10EF27d5B3633c259Ed8eB,100.0,traderjoe,40348947.0
106,0xC5EdF3189a366605B8698ea4Bc2C3a95a6Cb9778,0xB31f66AA3C1e785363F0875A1B74E27b85FD66c7,0xE1200c492A9C3A3AdE2890964994eD88a002850A,100.0,traderjoe,40353145.0
107,0x2322A3551281715B87e9F2C6b27D5C80aC26B6C0,0xB31f66AA3C1e785363F0875A1B74E27b85FD66c7,0x35896c06A4f0B5247C90Aa76B09E89435d62d510,100.0,traderjoe,40363380.0
108,0x1fef684a443B7C21F54E5c2d7171E186fA96fe04,0xB31f66AA3C1e785363F0875A1B74E27b85FD66c7,0xb9C93cc2F6085340E1089bd364A93412ff391C75,100.0,traderjoe,40363950.0
109,0xeD0d09ee0F32f7b5AFaE6f2d728189C5E355b52a,0xB31f66AA3C1e785363F0875A1B74E27b85FD66c7,0x0304a6DC4231c963c13Df6c8B033DED30597eF4b,100.0,traderjoe,40365296.0
110,0xd82344862762Ed2Cb18B81678c72DcB596578C58,0xB31f66AA3C1e785363F0875A1B74E27b85FD66c7,0x73c5bE526c85f58Fed09988BE546220c7F339f14,25.0,traderjoe,40370282.0
111,0xd82344862762Ed2Cb18B81678c72DcB596578C58,0xB31f66AA3C1e785363F0875A1B74E27b85FD66c7,0x588F9Cb1C573D023f1b34Edc7e64139b1368A6F6,100.0,traderjoe,40370339.0
112,0xb2a85C5ECea99187A977aC34303b80AcbDdFa208,0xB31f66AA3C1e785363F0875A1B74E27b85FD66c7,0x3cd0150fB0F2Df75826A714fe0CCFF93C9084080,100.0,traderjoe,40390135.0
113,0xb2a85C5ECea99187A977aC34303b80AcbDdFa208,0xB31f66AA3C1e785363F0875A1B74E27b85FD66c7,0xEeE525Dd792C15c99091Ec42DD794590E8f0AFFA,25.0,traderjoe,40390786.0
114,0x89FD62016924918d78Bc496664F0b4164100aFEa,0xB31f66AA3C1e785363F0875A1B74E27b85FD66c7,0x301e3Bb23d70C801C47de7e7654ac416bbfF43A8,50.0,traderjoe,40394075.0
115,0x21727B2981d7780fd22EfB2b8C8aC926b3E62f3B,0xB31f66AA3C1e785363F0875A1B74E27b85FD66c7,0x7730E8bd66Ff222192b14C5034f7fcA7bd60CA5d,100.0,traderjoe,40398826.0
116,0x10E7706bca082Ec92cae0Fc939aB9c63bd4CAa65,0xB31f66AA3C1e785363F0875A1B74E27b85FD66c7,0x3a84E1Fdc4bcC4fb4789F0EE26a14DDFB692B3B7,25.0,traderjoe,40402900.0
117,0x124087F576807b43EFe124A981018Ae314c6B189,0xB31f66AA3C1e785363F0875A1B74E27b85FD66c7,0x6D8538EC8138724Abf6A903965cc908DE9cB23e3,25.0,traderjoe,40403670.0
118,0xc2a08E65c2d44CeF4cD1064940d3755A55a1571D,0xB31f66AA3C1e785363F0875A1B74E27b85FD66c7,0x45f398f062170187894c6dA904D0f976d7A29a5E,100.0,traderjoe,40403849.0
119,0x8f3ff3c51AC2c203e28A6219A00c28207a3EeCC4,0xB31f66AA3C1e785363F0875A1B74E27b85FD66c7,0xAabBF0f192652A761bf744371912B86C1c353c1B,100.0,traderjoe,40409225.0
120,0x4A25D09eB3761dC342488C82476D7d43ff0B27aF,0xB31f66AA3C1e785363F0875A1B74E27b85FD66c7,0xCc37e71d27cFD2842AbA2429800E29d214B04a16,25.0,traderjoe,40418082.0
121,0x4A25D09eB3761dC342488C82476D7d43ff0B27aF,0xB31f66AA3C1e785363F0875A1B74E27b85FD66c7,0x81BeB7A98037b36DdE2C064974473C90020b0a36,100.0,traderjoe,40418120.0
122,0x84450110E1E69b1E9F29793d4db5bA9cbd3ed57B,0x9702230A8Ea53601f5cD2dc00fDBc13d4dF4A8c7,0x8f4eD238bd867680258C86509Bcf99dC0792092a,25.0,traderjoe,40419559.0
123,0x61b7A1A3368059Ce8aBb516B4514EDbe51c6CD75,0xB31f66AA3C1e785363F0875A1B74E27b85FD66c7,0x290578021Eb79A089D47bD8329132ACc45883228,100.0,traderjoe,40420130.0
124,0x566CA8751688a947cAB31e660F9CDA66EFb0d41e,0xB31f66AA3C1e785363F0875A1B74E27b85FD66c7,0x14c4942092e5169DFA7eC33A1efE530e1CfDFc29,50.0,traderjoe,40439822.0
125,0x6Ce71FFC44635F4476e8d77ff61bB23A96E946c1,0xB31f66AA3C1e785363F0875A1B74E27b85FD66c7,0x0998D6cd35DDf58e9D29cF644C3FF9D175A9CB7C,25.0,traderjoe,40439875.0
126,0x4497431E7fF8b5918E9792c87afD07bbDE517F65,0xB31f66AA3C1e785363F0875A1B74E27b85FD66c7,0x5eebD317C08AAE8360B8459099861a216Edb314A,100.0,traderjoe,40451902.0
127,0xDA62BC0Df1130fCBfA04C7EbB4974d45d6d39c61,0xB97EF9Ef8734C71904D8002F8b6Bc66Dd9c48a6E,0xb05D859bb646FE481Fb981621b4091682141B9FD,25.0,traderjoe,40455002.0
128,0x081DD0195830eD24be1d16f76561985f4cb24Fb6,0xB31f66AA3C1e785363F0875A1B74E27b85FD66c7,0x81bF1b496EFcA2b719E6fcA5cE8C22fD465F6A15,50.0,traderjoe,40484024.0
129,0x86D07598C4E508Ca1c2E5429E8F3Ddbfe43A3663,0xB31f66AA3C1e785363F0875A1B74E27b85FD66c7,0x40F2DFD2AF008Dc541A768A9aa36E374CDbE2468,25.0,traderjoe,40487622.0
130,0x49DAd92574A80a9c59a1Fa459B5087fd82E232E7,0xB31f66AA3C1e785363F0875A1B74E27b85FD66c7,0x9E1EfdC7d4b26899D602F1191402BBbf05149121,100.0,traderjoe,40489035.0
131,0x0D8938E105AF7786c17F162cD36db2d953fa0a2f,0xB31f66AA3C1e785363F0875A1B74E27b85FD66c7,0x1501Fe08eB6c99ad34C20F03C91984D71a04Df19,100.0,traderjoe,40491036.0
132,0xfb1f1d1865D9c7d9054C4357fE93BF3eD5d042a1,0xB31f66AA3C1e785363F0875A1B74E27b85FD66c7,0xC619597C8D48715cA42d15B82E03BD0D925d0426,25.0,traderjoe,40503540.0
133,0x6Ce71FFC44635F4476e8d77ff61bB23A96E946c1,0xB31f66AA3C1e785363F0875A1B74E27b85FD66c7,0x011f9a9076530eEE3ECA257b3B459476b06c3Aa1,100.0,traderjoe,40504353.0
134,0xc61901A8F645f249b48841b492c26439eA934c4e,0xB31f66AA3C1e785363F0875A1B74E27b85FD66c7,0xa429bdf5435A9A1ef6b96989ee33fa2eC8f30835,100.0,traderjoe,40521084.0
135,0xcCD867D11DC315D8f413f69F5c6E3b16ef7f5533,0xB31f66AA3C1e785363F0875A1B74E27b85FD66c7,0xC79feb9D51D9FFAACaC37f2C5c931cB031bD98a3,100.0,traderjoe,40525859.0
136,0x395d3Dddb10Df6A4b4afa473538fF9749260C55c,0xB31f66AA3C1e785363F0875A1B74E27b85FD66c7,0x34Ac4957545b73264Ed4D176b18259A90A70d2CB,100.0,traderjoe,40526944.0
137,0xb34DC946f1b33116E1fc9c960192Fa09818d034d,0xB31f66AA3C1e785363F0875A1B74E27b85FD66c7,0x7bc445A7D06EcD1C25bcD7685dd5e5658464b052,50.0,traderjoe,40529416.0
138,0xd501281565bf7789224523144Fe5D98e8B28f267,0xB97EF9Ef8734C71904D8002F8b6Bc66Dd9c48a6E,0x9A9038c20CD23ae9DCBAd0eB9584c14277298208,50.0,traderjoe,40534711.0
139,0x9d228444FC4B7E15A2C481b48E10247A03351FD8,0xB97EF9Ef8734C71904D8002F8b6Bc66Dd9c48a6E,0x09CF081C012436Bf71E759F4CE2B70950e10c237,25.0,traderjoe,40535801.0
140,0x6CBbB8004B0eC8d0e7720ab3fe9446006F4628C2,0xB31f66AA3C1e785363F0875A1B74E27b85FD66c7,0x58732BfEC229EcA04de366E8A7511137C825f510,25.0,traderjoe,40536337.0
141,0x116b8EA1789A725aF229D42F7e5aCb0c19121714,0xB31f66AA3C1e785363F0875A1B74E27b85FD66c7,0x6BBFa13C631BD748FbdC70C938754c2610911D10,50.0,traderjoe,40542387.0
142,0x116b8EA1789A725aF229D42F7e5aCb0c19121714,0xB97EF9Ef8734C71904D8002F8b6Bc66Dd9c48a6E,0x24cf8939d0f95bE15960fa9cbb89778e8b6b36cd,50.0,traderjoe,40542852.0
143,0xD57874Ac0b7f7ba9a7Ba212Ee8CAACc69E7b6dBb,0xB97EF9Ef8734C71904D8002F8b6Bc66Dd9c48a6E,0x4a70570edD6b55E4611E010468155361B9eCF254,50.0,traderjoe,40558022.0
144,0xEe4C16A6Aee3deb992ED7418517AB8101E56129a,0xB31f66AA3C1e785363F0875A1B74E27b85FD66c7,0x0500DdC9d91115ee80c45f76B385328d0cA65005,100.0,traderjoe,40561648.0
145,0xEe4C16A6Aee3deb992ED7418517AB8101E56129a,0xB31f66AA3C1e785363F0875A1B74E27b85FD66c7,0x5A7216406e248d6308891a431FC5bd26DB863998,50.0,traderjoe,40561824.0
146,0x62edc0692BD897D2295872a9FFCac5425011c661,0x152b9d0FdC40C096757F570A51E494bd4b943E50,0x2a31942C70Bd642cb4D9D623E5E42c6FF7882e31,100.0,traderjoe,40568597.0
147,0x67a1FD5F393E9cEee4Fb4739d73bf75C1eFB9E40,0xB31f66AA3C1e785363F0875A1B74E27b85FD66c7,0x08da96F828457e2498203125DE242823F8738df0,100.0,traderjoe,40577363.0
148,0xeA16C3C11b75bFca20969a592C00946062f412b9,0xB31f66AA3C1e785363F0875A1B74E27b85FD66c7,0x71b061ddc633419A02F0536596aADE8Fa42903E5,100.0,traderjoe,40591457.0
149,0x8aF94528FBE3c4C148523E7aAD48BcEbcC0A71d7,0xB31f66AA3C1e785363F0875A1B74E27b85FD66c7,0xC8ae0396F76749a33170E440a1C8d8a01256F41b,100.0,traderjoe,40603308.0
150,0x735D8f3B6A5d2c96D0405230c50Eaf96794FbB88,0xB31f66AA3C1e785363F0875A1B74E27b85FD66c7,0x3E88E1bC0153858271D7a0f1FD9BF67f76e14284,25.0,traderjoe,40610672.0
151,0x7F9C841FEAdDdB4bdBB2A161cA40bEbc4F215a9A,0xB31f66AA3C1e785363F0875A1B74E27b85FD66c7,0x91bEE42E4Ec3f11c4f8869cef5A3b40C10769409,50.0,traderjoe,40610714.0
152,0xf41Ce5D71ce0991dA89ac8a5b50495DB3e63367D,0xB31f66AA3C1e785363F0875A1B74E27b85FD66c7,0x298406f9abad14F9a7d1928CC9104820231e1058,100.0,traderjoe,40625146.0
153,0xa422516b480aAb1681eC3d266d6b3310504fF1a2,0xB31f66AA3C1e785363F0875A1B74E27b85FD66c7,0x2b921eA8622B57495a3ba0B199142a58d8d75C94,25.0,traderjoe,40653454.0
154,0x9A280a272b52A76899ed6d73DF8deEc9B38d984c,0xB31f66AA3C1e785363F0875A1B74E27b85FD66c7,0xC3D89b7463c9eafC01E4d20BC38398B91EfcE2b5,100.0,traderjoe,40654730.0
155,0x735D8f3B6A5d2c96D0405230c50Eaf96794FbB88,0xB31f66AA3C1e785363F0875A1B74E27b85FD66c7,0x7A3D9708beB7c34b350D0F6c0bEAe57be53863a3,100.0,traderjoe,40658594.0
156,0x4D6dBF7E3f45BFdFA520a29dd02F661d770fb07c,0xB31f66AA3C1e785363F0875A1B74E27b85FD66c7,0x9Eb067C2528A3793fd17dDa6C62C3CbBF69561cA,100.0,traderjoe,40663123.0
157,0xF02Da1b17F751F3B52158aB8a2c0f7bDD89Ff049,0xB31f66AA3C1e785363F0875A1B74E27b85FD66c7,0xE902c5F30AD22Ed3313C96c472c24B43a5a28D7c,100.0,traderjoe,40663234.0
158,0xea8FA51711C6d5444f33C4B445AA20C11243b179,0xB31f66AA3C1e785363F0875A1B74E27b85FD66c7,0x7f51618Fcc412EB301a32a56958B749264F2a7c9,100.0,traderjoe,40663437.0
159,0xFaf0e94E6C0a8E91c1eE23B70c32a33A840f3C4d,0xB31f66AA3C1e785363F0875A1B74E27b85FD66c7,0x0ab7f75c63FbCb7d5394ed46d57748B01f93A266,100.0,traderjoe,40682497.0
160,0x84F3d3fC36DD94fFBca05eA3d848F5c844867C93,0xB31f66AA3C1e785363F0875A1B74E27b85FD66c7,0xEaFe4A78c7238A56a77f712cDc10438373f5E0Ad,100.0,traderjoe,40690836.0
161,0xB1f19E492401545C1B060C4B18688F9178325b4D,0xB31f66AA3C1e785363F0875A1B74E27b85FD66c7,0x7D097cDf9C0a90d3C1269c01d4D00189a1C31e3b,100.0,traderjoe,40703362.0
162,0xb2a85C5ECea99187A977aC34303b80AcbDdFa208,0xB97EF9Ef8734C71904D8002F8b6Bc66Dd9c48a6E,0xe718DE168f41390a576EC62F0E0E654f5b70b2f3,25.0,traderjoe,40707115.0
163,0x56aA74574241378fEb8501CF9c100F853E2F04B1,0xB31f66AA3C1e785363F0875A1B74E27b85FD66c7,0xa92F29Bb82276814a8D6D46781876585C1F78dDE,100.0,traderjoe,40709365.0
164,0x88634791BA007b06ddDcDcEcaB1271DD700a3834,0xB31f66AA3C1e785363F0875A1B74E27b85FD66c7,0xa287E9548a3a756eBe675E54aB75826710181d8B,25.0,traderjoe,40709399.0
165,0x360bbCd20DA228A5e8dd31122BAa888cc3F84ABf,0xB31f66AA3C1e785363F0875A1B74E27b85FD66c7,0x9782a497535127e7201126C017E76D30CB93f52e,50.0,traderjoe,40728025.0
166,0x704bC41b4Eb95F213a71Eef905B1fF539C273C0f,0xB31f66AA3C1e785363F0875A1B74E27b85FD66c7,0x86651d50c345e4d59C624F0Bd8298303F1b9c46b,100.0,traderjoe,40729220.0
167,0x19A8f9F723c564C7df46F43296dC07F7108462FC,0xB31f66AA3C1e785363F0875A1B74E27b85FD66c7,0x60781ec647197c30DD7668b50761da203EF13668,25.0,traderjoe,40733237.0
168,0xEfe0F62E57A45d6241Cc744D1C244054fd16ccFC,0xB31f66AA3C1e785363F0875A1B74E27b85FD66c7,0x5259e4B3Fa99B2Ec048c3f607313bb6e35D22F3e,100.0,traderjoe,40748229.0
169,0xF55D450E5aA775DC8c2F1350B7cA759E2fe0194e,0xB31f66AA3C1e785363F0875A1B74E27b85FD66c7,0x96279f5F6415dA036f428A67dD8B841Db0a27411,100.0,traderjoe,40752226.0
170,0x8Cf3e1d0F38e5a1101D119c532F52579A7D62D17,0xB31f66AA3C1e785363F0875A1B74E27b85FD66c7,0x378802e3e4be25AC223fAb50b15A95eC17Ca9aE5,100.0,traderjoe,40756912.0
171,0xec3492a2508DDf4FDc0cD76F31f340b30d1793e6,0xB97EF9Ef8734C71904D8002F8b6Bc66Dd9c48a6E,0x35bc552e4A13F6EC76834BB04E774128739D0B63,100.0,traderjoe,40763748.0
172,0xbBf3305ef7a6688fd7b4c65187b36a2C97b57559,0xB31f66AA3C1e785363F0875A1B74E27b85FD66c7,0x39014AB8ae1a95b9DA752e37809F4EF508370cC8,100.0,traderjoe,40768473.0
173,0xF61818a9DE8Aa8f2372ab100D525ae87B7ce6770,0xB31f66AA3C1e785363F0875A1B74E27b85FD66c7,0xE218c039855e5a3dE0166e46B8b8De3A31cAb09B,100.0,traderjoe,40818267.0
174,0xCa8EBfB8e1460Aaac7c272CB9053B3D42412AAc2,0xB97EF9Ef8734C71904D8002F8b6Bc66Dd9c48a6E,0x5A52fEd1cCE5Ec81964AfB2EC0ec2a0059217bc4,100.0,traderjoe,40858903.0
175,0xc0Fbc4967259786C743361a5885ef49380473dCF,0xB31f66AA3C1e785363F0875A1B74E27b85FD66c7,0xD8D29AF3365ec03FaE7606f42D83892dD77d71B2,100.0,traderjoe,40861775.0
176,0x50b7545627a5162F82A992c33b87aDc75187B218,0x152b9d0FdC40C096757F570A51E494bd4b943E50,0x46d84D541D241Ba50837A9dc435F9d463E52939C,25.0,traderjoe,40863014.0
177,0x1DeB0F8a564A442678818166c4158B985c15ccfD,0xB31f66AA3C1e785363F0875A1B74E27b85FD66c7,0x389fEFA42f8Fc5fB2e3dd5f3ff51AA23C822e8F4,25.0,traderjoe,40872947.0
178,0x0506dcf9b3cdEFb09452f3Fb06301B4f1d667775,0xB31f66AA3C1e785363F0875A1B74E27b85FD66c7,0x2A75E8c780D35566F8672AF23cd206f12a4e3abf,50.0,traderjoe,40898872.0
179,0x27797dF4ea8fbC5a2394f55EeebE25E117b476F2,0xB31f66AA3C1e785363F0875A1B74E27b85FD66c7,0xA45591535fA270B97F50da85416e34b44C61dA67,25.0,traderjoe,40903872.0
180,0xCE307fB10D476d132D2Ef270d90a0968BB018590,0xB31f66AA3C1e785363F0875A1B74E27b85FD66c7,0xCd2393e285F462C2153EE86d71b3570e6d16E963,100.0,traderjoe,40912011.0
181,0xf1680332c65878B628B37bB35b813E0d88F16DE2,0xB31f66AA3C1e785363F0875A1B74E27b85FD66c7,0x0129ca8f1D60A979D3a1e6fd484833a30F3Ac314,50.0,traderjoe,40914222.0
182,0x74c2e776ECd705C8116c1C8FcE05843126b5564F,0xB31f66AA3C1e785363F0875A1B74E27b85FD66c7,0x2aAe280a4241816158a549F787f65ECC90DF7217,100.0,traderjoe,40914532.0
183,0x30eA6e8AeD10BD7537Ab46bF681FD67e542f7F28,0xB31f66AA3C1e785363F0875A1B74E27b85FD66c7,0xe465eCa50c8297c4BDa1fd100214c99eCC6B2E85,100.0,traderjoe,40915282.0
184,0x9a0F9708D07d3d5b1775Db7679510052B216184f,0xB31f66AA3C1e785363F0875A1B74E27b85FD66c7,0x5625072911D04CB22958B894bF40aBf5EEE6F9De,100.0,traderjoe,40919212.0
185,0x3419875B4D3Bca7F3FddA2dB7a476A79fD31B4fE,0xB31f66AA3C1e785363F0875A1B74E27b85FD66c7,0xd1bFb54595ED5346F4fC87Eb3813b7793c5a7Ead,100.0,traderjoe,40955013.0
186,0xcE829A89d4A55a63418bcC43F00145adef0eDB8E,0xB97EF9Ef8734C71904D8002F8b6Bc66Dd9c48a6E,0x73d7a597c057bA16b654eC7f222A628c2f1Adfdb,100.0,traderjoe,40972110.0
187,0xb2a85C5ECea99187A977aC34303b80AcbDdFa208,0x9702230A8Ea53601f5cD2dc00fDBc13d4dF4A8c7,0x3C2Fb0FEd6f919c562649904fC432bbf1fF1f90F,100.0,traderjoe,40978086.0
188,0xb2a85C5ECea99187A977aC34303b80AcbDdFa208,0xB97EF9Ef8734C71904D8002F8b6Bc66Dd9c48a6E,0x0C7CA20c387FB1F0CeD84f5eF39f960ED146C6b7,50.0,traderjoe,40988246.0
189,0xedE858Ed6Eb5C561090fa4fab1c55c46d1Ab2778,0xB31f66AA3C1e785363F0875A1B74E27b85FD66c7,0x8857b664a932acBF201ABa709b6A24A1c408F5e7,25.0,traderjoe,41001504.0
190,0xedE858Ed6Eb5C561090fa4fab1c55c46d1Ab2778,0xB31f66AA3C1e785363F0875A1B74E27b85FD66c7,0x7b3f7b78439616156015FE50D94223BF24E4D6a1,100.0,traderjoe,41001800.0
191,0xb5Cc2CE99B3f98a969DBe458b96a117680AE0fA1,0xB31f66AA3C1e785363F0875A1B74E27b85FD66c7,0x46da73F249600E2f87B14D3aE6f66063789e0B01,100.0,traderjoe,41003904.0
192,0xedE858Ed6Eb5C561090fa4fab1c55c46d1Ab2778,0xB97EF9Ef8734C71904D8002F8b6Bc66Dd9c48a6E,0xf71e056d9EC1c2371270f791e6103e5E4543E06A,100.0,traderjoe,41005600.0
193,0xb5Cc2CE99B3f98a969DBe458b96a117680AE0fA1,0xB97EF9Ef8734C71904D8002F8b6Bc66Dd9c48a6E,0x462986dFFB0a9B645542749574ef58558CF246DD,50.0,traderjoe,41008002.0
194,0x94EC0348DA9e08C59dCb2BD7625E0324F20bBa87,0xB31f66AA3C1e785363F0875A1B74E27b85FD66c7,0xcDECFa08751BE0bB97F642eDcb8226d151D38F10,100.0,traderjoe,41008661.0
195,0xa2529C81DFb2F040Fe4446e4623a2043d205AB56,0xB31f66AA3C1e785363F0875A1B74E27b85FD66c7,0x6D2eF649524A4cA4e9E33b463aD0eF67395e8B86,25.0,traderjoe,41011762.0
196,0x1209810df5370F68B28E6832dC4aC80072E2d0B8,0xB97EF9Ef8734C71904D8002F8b6Bc66Dd9c48a6E,0x5eDF58b0fb18c2e932748240EC4989Cf90c54Cc1,25.0,traderjoe,41012129.0
197,0x2e751a2162345c25F6390Af7B63e46D4Ad42384B,0xB31f66AA3C1e785363F0875A1B74E27b85FD66c7,0xA363540b0ad57b4FFDb52cD5266A816fD626381e,100.0,traderjoe,41025129.0
198,0x1209810df5370F68B28E6832dC4aC80072E2d0B8,0xB97EF9Ef8734C71904D8002F8b6Bc66Dd9c48a6E,0xdA1413337cc3d5B8F840fAeB6f35F78eA0DA1396,100.0,traderjoe,41025417.0
199,0x8f8D27A766A0F5Cc742ADAFe8ed478eb7C6620f8,0xB31f66AA3C1e785363F0875A1B74E27b85FD66c7,0x36a6cdd3B8E98C03faC50aCd9886DBC14CdF6e81,100.0,traderjoe,41032257.0
200,0x525469D5F4824B1a7DbDa3fA4C2Fa22b38077f43,0xB31f66AA3C1e785363F0875A1B74E27b85FD66c7,0xC0C466F17dAd0A3525C3f177Ae652E75D0a1024C,50.0,traderjoe,41036332.0
201,0x6a7855749ef2a753049d3B342bcDDfcC4e249a7E,0xB31f66AA3C1e785363F0875A1B74E27b85FD66c7,0xb20E4271F3937a3FA5Bce146788bdB4aa2119d66,25.0,traderjoe,41037488.0
202,0x6a7855749ef2a753049d3B342bcDDfcC4e249a7E,0xB31f66AA3C1e785363F0875A1B74E27b85FD66c7,0x627A827e3e877Db9263da1336B3C60b50293Ec23,50.0,traderjoe,41037530.0
203,0x6a7855749ef2a753049d3B342bcDDfcC4e249a7E,0xB31f66AA3C1e785363F0875A1B74E27b85FD66c7,0x08D15202AcDb51fb085532Fc822276b621FbfAc5,100.0,traderjoe,41037564.0
204,0x66897eAab95ef33Ba7cf969dF9b3F64604CE4051,0xB31f66AA3C1e785363F0875A1B74E27b85FD66c7,0x3FdAe286a03Ff9920c90504409DA30D7536e4fCc,100.0,traderjoe,41041921.0
205,0x3563976673bFD621B52A440F8089A074f40b090c,0xB31f66AA3C1e785363F0875A1B74E27b85FD66c7,0xE4927BCc74A745502cfBC15e4d1833316Ad8B474,100.0,traderjoe,41043604.0
206,0x36126E5681A8a42D3aB369B5321cA889C352bdD9,0xB31f66AA3C1e785363F0875A1B74E27b85FD66c7,0xa3D9CE35966d3673287c14e3f47f72f314ECe342,50.0,traderjoe,41047071.0
207,0x776c04a1583883e2E971Ca36F4102D0ce07D0e11,0xB31f66AA3C1e785363F0875A1B74E27b85FD66c7,0x3B563820bbD6443331F29CeB8448813BFE3B3F24,100.0,traderjoe,41056078.0
208,0x776c04a1583883e2E971Ca36F4102D0ce07D0e11,0xB31f66AA3C1e785363F0875A1B74E27b85FD66c7,0x0e59Fb64cFBb4720EAaB69C4e494D6E5B5781f66,50.0,traderjoe,41056145.0
209,0xb2a85C5ECea99187A977aC34303b80AcbDdFa208,0x9702230A8Ea53601f5cD2dc00fDBc13d4dF4A8c7,0x986Be2D005F3A2115CB89844c9Aca0C7b9053A81,50.0,traderjoe,41060045.0
210,0x5aeD1f4e2AE7193C98CBc6B4F39Bd262e98101E9,0xB31f66AA3C1e785363F0875A1B74E27b85FD66c7,0x1b6f30499e5137f99d8a0A31D2313c360281C409,100.0,traderjoe,41060842.0
211,0x8eeB0F440893B96b139bce5C18058513DD634698,0xB31f66AA3C1e785363F0875A1B74E27b85FD66c7,0x8F26e91840d91651B78c00CC9F533006c9d9D740,100.0,traderjoe,41073769.0
212,0xf351054b64B772c04a66d8a5E66b436Db525653e,0xB31f66AA3C1e785363F0875A1B74E27b85FD66c7,0xFC55E391fd37Bb0abCc54Fd9806c9ebB25E962c1,100.0,traderjoe,41077232.0
213,0x1DeB0F8a564A442678818166c4158B985c15ccfD,0xB31f66AA3C1e785363F0875A1B74E27b85FD66c7,0x85bB2a8cd287db49E5F34C339233127350CcDdEa,100.0,traderjoe,41084027.0
214,0x340B0A7b94CdeaAF6041445266D1b656A6071F26,0xB31f66AA3C1e785363F0875A1B74E27b85FD66c7,0xE4Ffe45219604823C092b41C022386a8d756b57b,100.0,traderjoe,41104093.0
215,0x18e161eC575393F7ac12c02595cA56406c3cf71d,0xB31f66AA3C1e785363F0875A1B74E27b85FD66c7,0xd4948bA272a728bD43E2042099287e5F2BBf441C,25.0,traderjoe,41106324.0
216,0xFd538CA3f58dC309dA55B11f007ff53fb4602876,0xB31f66AA3C1e785363F0875A1B74E27b85FD66c7,0x8d24c7bd74C6c449b9FA15f31D54f825afec413f,50.0,traderjoe,41121261.0
217,0x617a4eDFCeC09864Ca9d052ebcBAB67da273F4D4,0xB31f66AA3C1e785363F0875A1B74E27b85FD66c7,0xeF98Be345BB4cae1fffd8320Fa72308cF4618e16,100.0,traderjoe,41121776.0
218,0x617a4eDFCeC09864Ca9d052ebcBAB67da273F4D4,0xB31f66AA3C1e785363F0875A1B74E27b85FD66c7,0x38f14714e05bd5fd02c5eFC2b22eE8D3c1B69Eb3,50.0,traderjoe,41146449.0
219,0x8f939D5052AfD7515F92a8C93EC4c09fBfeEBb91,0x9702230A8Ea53601f5cD2dc00fDBc13d4dF4A8c7,0x1E92EC46F3F06E429262fbb08c24842257ad6420,100.0,traderjoe,41147703.0
220,0x281457e3b85864752C69031B8FEC3A8c299d99dA,0xB31f66AA3C1e785363F0875A1B74E27b85FD66c7,0xFe8034c0e55B8009199Ec5A82740591F310e4F87,25.0,traderjoe,41150903.0
221,0xD71b7651Ace48Ba7FF8E5d6C0100b9C7E2E6bb9F,0xB31f66AA3C1e785363F0875A1B74E27b85FD66c7,0xdAEa509604c9364B8F865172Fd644e9F36235748,100.0,traderjoe,41152491.0
222,0xD71b7651Ace48Ba7FF8E5d6C0100b9C7E2E6bb9F,0xB97EF9Ef8734C71904D8002F8b6Bc66Dd9c48a6E,0x16253fc2152f1bD8Dc106fFB3009Fe5eb848c7eE,100.0,traderjoe,41152699.0
223,0xD71b7651Ace48Ba7FF8E5d6C0100b9C7E2E6bb9F,0x9702230A8Ea53601f5cD2dc00fDBc13d4dF4A8c7,0x17Cbb559Cdac49e34Bf50967B5ab98BeA782A1f1,100.0,traderjoe,41152709.0
224,0x97C3780bdDe6916f601a4562c5f24A8b68D4A7aE,0xB31f66AA3C1e785363F0875A1B74E27b85FD66c7,0x1D98497cAB14023797A8d70EC722e658C65F21F2,100.0,traderjoe,41153729.0
225,0x239c1d2fb158113Dc4B10133b66d7516207879c5,0xB31f66AA3C1e785363F0875A1B74E27b85FD66c7,0x06a6f6796e81294Bc28c5309C078F6B060E21a61,100.0,traderjoe,41159200.0
226,0x66389dB0774945891FbB1D24F397312A45756774,0xB31f66AA3C1e785363F0875A1B74E27b85FD66c7,0x36F84DA236137995a0cd755DdbFFc9822EE1962a,100.0,traderjoe,41165178.0
227,0xBb210016141405551eA3503e22724A1BDc8ace00,0xB31f66AA3C1e785363F0875A1B74E27b85FD66c7,0x6c29a7877eeBE127ce97c1cCd1D96954b11Bdc2e,100.0,traderjoe,41171868.0
228,0x6Ac048ae05E7E015accA2aA7Abd0Ec013e8E3a59,0xB31f66AA3C1e785363F0875A1B74E27b85FD66c7,0x5cadba902212aD2472D975Edc30f4Ef172B2B8be,100.0,traderjoe,41176293.0
229,0x55b99Fda4C01F917BC461fdc74ef0CDd1870Bd02,0xB31f66AA3C1e785363F0875A1B74E27b85FD66c7,0xF9BeAA2328298855757BA5bB023bF91EDBc8F53b,50.0,traderjoe,41179506.0
230,0x060bBeeD0646bF2c2723932AFf3CD7437D22Cc65,0xB31f66AA3C1e785363F0875A1B74E27b85FD66c7,0x49C3ED8a12418A8C834Ec85d870984Ab5b9bac24,100.0,traderjoe,41181742.0
231,0x060bBeeD0646bF2c2723932AFf3CD7437D22Cc65,0xB31f66AA3C1e785363F0875A1B74E27b85FD66c7,0x5362b487D3C21F30c38C606eb03BFe7d355C4578,25.0,traderjoe,41181760.0
232,0x54D013abDBc91B48DBA6BCD99CeeA1f38f8E11F6,0xB31f66AA3C1e785363F0875A1B74E27b85FD66c7,0xa291b25bD060fD1216DE7D0f056018cf8C8E41a1,25.0,traderjoe,41181989.0
233,0xD3354EFe1AB6784C7D57C2349bE6bE8e06BD7C2e,0xB31f66AA3C1e785363F0875A1B74E27b85FD66c7,0x43afbceA32769B64C13C5cc4e177e56C61207c5f,25.0,traderjoe,41183134.0
234,0xE9Cc37A71ced68719119149259C9c3E2F7Dc6106,0xB31f66AA3C1e785363F0875A1B74E27b85FD66c7,0xEa582175eDb050c65F82C3feCfd11deA37192812,25.0,traderjoe,41185499.0
235,0x6F96e084e96DD57CB309a88E8fE8AD3153120d81,0xB31f66AA3C1e785363F0875A1B74E27b85FD66c7,0x44DCfD9dFcfCC1c377631A1c30431F73B242B7E6,100.0,traderjoe,41200443.0
236,0xE9Cc37A71ced68719119149259C9c3E2F7Dc6106,0xB31f66AA3C1e785363F0875A1B74E27b85FD66c7,0x70f4c3554f20497d5Fe6E8ff6Ff5352E0F43Cebc,100.0,traderjoe,41200589.0
237,0x9CbfC26DBa5762f42a387A2878D395D6052285cc,0xB31f66AA3C1e785363F0875A1B74E27b85FD66c7,0xC05332EBA6e46f4B60E92315ea6Ca8EB00536D1A,100.0,traderjoe,41204277.0
238,0x8d8A3E7e21a96144c26F57bE45936302c5023516,0xB31f66AA3C1e785363F0875A1B74E27b85FD66c7,0x4225820E652318a46018fbDC6c6c1E4B6b8C2c5d,100.0,traderjoe,41206857.0
239,0x333a6121d4e065EA03b694221C2E7c5099F28226,0xB31f66AA3C1e785363F0875A1B74E27b85FD66c7,0xD5f5eD098ce2bD7fE8D64B3080D0Dd640F7b09f1,100.0,traderjoe,41208189.0
240,0x9C2BA204B782c8773eC734378fE9781F8f616A7a,0xB31f66AA3C1e785363F0875A1B74E27b85FD66c7,0x72CDff98B0579384f99BedFc493e1d60575BA568,100.0,traderjoe,41211066.0
241,0xe69F35DafEF9f8D55510AD6653266C6bd52A522d,0xB31f66AA3C1e785363F0875A1B74E27b85FD66c7,0xFd02CFC87f9bD68bDc9D62aA5c70F1f2Dbb84377,100.0,traderjoe,41211152.0
242,0x73a57C1E8bb9875711D8817d66D2AAC2B7f2aCa3,0xB31f66AA3C1e785363F0875A1B74E27b85FD66c7,0x891Cc66a8aC76B8cD26c522Da45050D925F48c3b,100.0,traderjoe,41212212.0
243,0xcb71417ec363648D30D9f42B1F28766940b8aBBC,0xB31f66AA3C1e785363F0875A1B74E27b85FD66c7,0x36A0b4bf37f6afA5D8EAa028b426B59147828F03,100.0,traderjoe,41212506.0
244,0xb30A89709b6dbBcff4d68Dc926e710888a270950,0xB31f66AA3C1e785363F0875A1B74E27b85FD66c7,0xe4BCd2D42542728B11C1d4C0dC864dc6405A0a5F,100.0,traderjoe,41226659.0
245,0xa09a8CeE40d296eaa2a9Ff79511eE0CA867497Df,0xB31f66AA3C1e785363F0875A1B74E27b85FD66c7,0x70a00E38F520aCeA2D83393d42fA60D5107290E3,100.0,traderjoe,41227171.0
246,0xfF104d1A1f966aAB02Ee977A4Cb43a4Af8E0Eb51,0xB31f66AA3C1e785363F0875A1B74E27b85FD66c7,0x9b18bFF49b5Fc0fbb0Ef755762838b497D3E902B,100.0,traderjoe,41229051.0
247,0x42C18921E3d6c5c16E007f449981163cd8604A82,0xB31f66AA3C1e785363F0875A1B74E27b85FD66c7,0x5c44a6F669d9eCD4557364ed95c639Da5460469d,100.0,traderjoe,41242194.0
248,0x25ec073b814E374f031eF1bf6F10b03025C65784,0xB31f66AA3C1e785363F0875A1B74E27b85FD66c7,0xC7c6512D6c3c45FA4Ef1f2Fb28846987a055f7a8,100.0,traderjoe,41243468.0
249,0xaA586F7c23543A474fFF05aFd55251DBE0c71715,0xB31f66AA3C1e785363F0875A1B74E27b85FD66c7,0x04f4caC9C822cA3f3a86fD84a6611A737304507E,100.0,traderjoe,41244512.0
250,0xF93efECAc95DEE5B22c49Ec1Efefc9c980a282F0,0xB31f66AA3C1e785363F0875A1B74E27b85FD66c7,0x4786faE8fd99e1e941951400deA8E2Ac9508C74b,100.0,traderjoe,41246686.0
251,0x3cBF491B187a546A8c8fbB225863C76E800b17E0,0xB31f66AA3C1e785363F0875A1B74E27b85FD66c7,0xfB71879eFc956414e6C8f2dBDeB01A69bbDdE34E,25.0,traderjoe,41247016.0
252,0x3e683FeC8AC6d4968d5a74668cb09A68B5599505,0xB31f66AA3C1e785363F0875A1B74E27b85FD66c7,0x8c90694d519EfD4aB5Ad652C1E63cBE1C7bCc182,100.0,traderjoe,41255515.0
253,0x1f06A46e2A9458e5785F09223cf352DE99d47F46,0xB31f66AA3C1e785363F0875A1B74E27b85FD66c7,0x0F0e15bB16fd8f22eF49B0f09b2b13c63aa8cB65,100.0,traderjoe,41256204.0
254,0x0AB8485e306F2354ddD23fc5782D3Bff7f5Fc7D6,0xB31f66AA3C1e785363F0875A1B74E27b85FD66c7,0xEf7Cc35Be97840371F83Ce9af8efffc20bde862E,25.0,traderjoe,41290490.0
255,0x4c11Add4c1565Ce8918312a90098e84d16dA3D49,0xB31f66AA3C1e785363F0875A1B74E27b85FD66c7,0xF658363c6537EDE7f9D86b9D941C5C3ad18233A9,100.0,traderjoe,41308587.0
256,0x63a72806098Bd3D9520cC43356dD78afe5D386D9,0xB31f66AA3C1e785363F0875A1B74E27b85FD66c7,0x67aD31177E0dF024648C29430DF0F793569B633c,100.0,traderjoe,41314043.0
257,0x7c0ab71Ef0bEC595dB0e3E3cc046Ac06ce1E121b,0xB31f66AA3C1e785363F0875A1B74E27b85FD66c7,0x1D824A94221d5648C561Dd3cC67D41DfE812a9Ee,100.0,traderjoe,41314746.0
258,0xf0d8C3229438226963506033266eA83Aaa4aFDB9,0xB97EF9Ef8734C71904D8002F8b6Bc66Dd9c48a6E,0x109CB66f2a10BB11eEFf6f13478880009dfd2C17,100.0,traderjoe,41323749.0
259,0xA1A1deCA73507286973695139DD8d10DEc40ACb6,0xB31f66AA3C1e785363F0875A1B74E27b85FD66c7,0x54355c46db38a388999aF9800A1EFC886a5E1353,100.0,traderjoe,41327337.0
260,0xBEb62E24dEA27505872c95DE900B11A5bBb0c023,0xB31f66AA3C1e785363F0875A1B74E27b85FD66c7,0x7899563143C6eBd95f5fda8Ebe1cE61C13b3E1b0,100.0,traderjoe,41335555.0
261,0xa2BF5C65731974015a1b350ACb845E07eb25e86f,0xB31f66AA3C1e785363F0875A1B74E27b85FD66c7,0x07d489F7b5eF41b1185B3DC2a68F99561069205c,50.0,traderjoe,41355715.0
262,0x3453dB1974a2968e25B0941ECbd99254288BA7f5,0xB31f66AA3C1e785363F0875A1B74E27b85FD66c7,0x83D0Ddbb4A0e3C68bb76228572e4c18C94dA7366,100.0,traderjoe,41355782.0
263,0xEA7BD279E2d9b86D183A104D0bbb42a4D9e99837,0xB31f66AA3C1e785363F0875A1B74E27b85FD66c7,0x77bF06C12e9222aC5A445c3a7Cc0493099dc8a86,50.0,traderjoe,41358017.0
264,0xa6c446A3561D1003E389e885A63B5097871a0dFF,0xB31f66AA3C1e785363F0875A1B74E27b85FD66c7,0x0513584aA118b3381f31f67C110B934912f666A7,100.0,traderjoe,41374543.0
265,0x8CcEE641C3D937dC89D1d94fe4D8051624042Fcf,0xB31f66AA3C1e785363F0875A1B74E27b85FD66c7,0x1977678A0e3e5Ffc91500579f97491836eD80a0d,50.0,traderjoe,41387193.0
266,0xf11Ed22F65C2B77b2D76b83C3Ac8Fb3CDC20a20A,0xB31f66AA3C1e785363F0875A1B74E27b85FD66c7,0xDFaD1579Efd102f69F8c31Ef1A78873C53a9d9Ff,100.0,traderjoe,41398575.0
267,0x4A547E7C40aE93FecEF4A9FdF46E0e7a48Ca6b18,0xB31f66AA3C1e785363F0875A1B74E27b85FD66c7,0x069f099DE8bc54C0a566683126FAc1F9BFb66d16,100.0,traderjoe,41399128.0
268,0xA810ca8Ea0387c3b2eae4406C4F54260b038cC68,0xB31f66AA3C1e785363F0875A1B74E27b85FD66c7,0x6e0DBF28ff6d7db295CDEe4907852979F71150fD,100.0,traderjoe,41399230.0
269,0x7a99a8adE2245117f85FfA1BC6F11036C7CD61C3,0xB31f66AA3C1e785363F0875A1B74E27b85FD66c7,0xBF3B90Aded27FB0dBa96c93D70F223dcF38960D6,100.0,traderjoe,41399505.0
270,0x6440B0db68D5BE9d05981848AF0Fc6B698ce8C04,0xB31f66AA3C1e785363F0875A1B74E27b85FD66c7,0xA5b2DB9D30813173277aEE89544E5793B3747a9d,100.0,traderjoe,41400664.0
271,0xf9a4a770289128873DdCf92B0f4082a765c478f3,0xB97EF9Ef8734C71904D8002F8b6Bc66Dd9c48a6E,0x4C9e436ab29eC932dBc37692fA23eBbf3729152c,100.0,traderjoe,41401204.0
272,0x7C72F25d0E16f8bf1cd152b3B16e2c861d639890,0xB31f66AA3C1e785363F0875A1B74E27b85FD66c7,0x635552AaFC71E7d6Ee06e67AEe417B939f05C6B5,100.0,traderjoe,41413501.0
273,0xB6a4a55e0Ba0432ECb3147223dbdDf8B45922753,0xB31f66AA3C1e785363F0875A1B74E27b85FD66c7,0xf074d4D347505a6D225A99ee5bB73529df7A6e91,100.0,traderjoe,41424016.0
274,0x47c3118Ad183712Acd42648e9E522e13690f29a0,0xB31f66AA3C1e785363F0875A1B74E27b85FD66c7,0x6d5BFCB20fF29De9C99dF6389532233f0fFF78B6,50.0,traderjoe,41426523.0
275,0x34B34f97E5E9Bb8F902eD01fA754d8778817d3a2,0xB31f66AA3C1e785363F0875A1B74E27b85FD66c7,0xF8165197bbF31e8F52584C21243fa761dca61B9f,100.0,traderjoe,41429814.0
276,0xCa8EBfB8e1460Aaac7c272CB9053B3D42412AAc2,0xB31f66AA3C1e785363F0875A1B74E27b85FD66c7,0x583A4fa5Cc65693b9466eCF08C659a9E3899d6Fa,100.0,traderjoe,41432207.0
277,0xddD0bf2b1868778C20ed86A5d74579b7043e848E,0xB31f66AA3C1e785363F0875A1B74E27b85FD66c7,0xAF8C6d083CC778093b14F1E4549771cbd8F9F2FB,25.0,traderjoe,41444299.0
278,0x77159e71b7c10aE1F0C5bD182e2103DeB15C6820,0xB31f66AA3C1e785363F0875A1B74E27b85FD66c7,0x74ff4596a246dcCA587bDfc24F28a0D5EC599777,100.0,traderjoe,41458699.0
279,0xaBec3F3F7952b95C15d93B805C9F53CbDfE2D01b,0xB31f66AA3C1e785363F0875A1B74E27b85FD66c7,0xe485D05394810dc60A3d9f404eA9fD5D5a182802,100.0,traderjoe,41459344.0
280,0xcd5237B4e5939cF331286f0D24fCA50D9c9cC9b6,0xB31f66AA3C1e785363F0875A1B74E27b85FD66c7,0x84a9Ed73fB92d2f996D09CcFF6DF031730D1C7E8,100.0,traderjoe,41460608.0
281,0xE152Ec3e08B19237C8DCfd74729F8dbfCF749833,0xB31f66AA3C1e785363F0875A1B74E27b85FD66c7,0x1b4d8Bf05666e899c480306C130390593E27CEb2,25.0,traderjoe,41462771.0
282,0xf6240f39F9F82E7CafBe6FfE0bfaF1e2e4C5bDB4,0xB31f66AA3C1e785363F0875A1B74E27b85FD66c7,0x9C8f22B01633228b5D79ea0BE6DD98DB2C21af47,100.0,traderjoe,41465106.0
283,0xEBC0311a041B58C8cAD0D349ABFCB6cAC3e78D4D,0xB31f66AA3C1e785363F0875A1B74E27b85FD66c7,0x54C9E059D47DC54BdfEaD34Fc99814cd7e8719f4,100.0,traderjoe,41465130.0
284,0x00a71a7b680a0c8eC3C0f5337c7743B5fb32708b,0xB31f66AA3C1e785363F0875A1B74E27b85FD66c7,0x1f6E7B8681dA91FB30518bCe17Bc053a4946A2Bb,100.0,traderjoe,41465680.0
285,0xB8bd834609BFC5bcBe258D62c6C848520d1f10b0,0xB31f66AA3C1e785363F0875A1B74E27b85FD66c7,0x54fC1e085dbC53a4c2C05d44d859be895586F9e4,50.0,traderjoe,41467670.0
286,0xddD0bf2b1868778C20ed86A5d74579b7043e848E,0xB31f66AA3C1e785363F0875A1B74E27b85FD66c7,0x6C58bF2EFe5A832c438c2Ee0db7C6B93375e1d4A,100.0,traderjoe,41468995.0
287,0x42468Ccc65FF1ABc3296C433c8C31AD3Fa7eA8Cb,0xB31f66AA3C1e785363F0875A1B74E27b85FD66c7,0x2f0a3C98BDd4cf86EBa31B681d0909c7CE9dE5c5,100.0,traderjoe,41487300.0
288,0x9A5c688E73B29749ca3797CEE07607483e5f2321,0xB31f66AA3C1e785363F0875A1B74E27b85FD66c7,0x12178bC9df01c5dbfC43DFE47fcb1D5702efd7eC,50.0,traderjoe,41489148.0
289,0xe802410D557aaf1180212A9d9665D31b741Cc78E,0xB31f66AA3C1e785363F0875A1B74E27b85FD66c7,0xa46843CDb0D839259ace78aFC81017390aA4c8eD,100.0,traderjoe,41497245.0
290,0xc63c492e06b5e579f686Ff0D310633BFE5B3D4FF,0xB31f66AA3C1e785363F0875A1B74E27b85FD66c7,0xf2fc5aff32CEffD9979a12Ae5107Af43687CE3FD,100.0,traderjoe,41502327.0
291,0x5909B01fcC87c4bd6C1e0B11FafD62566400c8E6,0xB31f66AA3C1e785363F0875A1B74E27b85FD66c7,0x1B5821F8F49819797b502B22fF459Aec7Dfdb26F,100.0,traderjoe,41506989.0
292,0x22E3d86144301a78E324850d3b56d6D7167bBFeb,0xB31f66AA3C1e785363F0875A1B74E27b85FD66c7,0x42aBC4f8b9B626e41685ec68350b7c0eC5f5326a,100.0,traderjoe,41525525.0
293,0x3Bc9cD193F49656c6A89fC1DA53c6be35EF21f45,0xB31f66AA3C1e785363F0875A1B74E27b85FD66c7,0xD82A13f935153Aa4fA3221F9A6497820A8Deac22,100.0,traderjoe,41545301.0
294,0x50b7545627a5162F82A992c33b87aDc75187B218,0xB31f66AA3C1e785363F0875A1B74E27b85FD66c7,0xb0B2F2fe8e28B118Fc062eE8AA8eE4877CC767E3,50.0,traderjoe,41553363.0
295,0x595C22FCad2A1022a3DE4b42ecDE6CFdfa800A83,0xB31f66AA3C1e785363F0875A1B74E27b85FD66c7,0x692841f913720ae586C70CC1474df1b304408380,100.0,traderjoe,41559074.0
296,0x9c5856E062ECA9E3F1C04D6cA8214326268De2f3,0xB31f66AA3C1e785363F0875A1B74E27b85FD66c7,0xd91781eaBbE2062ee9755d48aB344E1b9FeFbAa0,100.0,traderjoe,41570262.0
297,0x9c5856E062ECA9E3F1C04D6cA8214326268De2f3,0xB31f66AA3C1e785363F0875A1B74E27b85FD66c7,0x6E216D67140A298166D3b2d6D129D8d76Cb635eB,50.0,traderjoe,41570296.0
298,0x38cAb135238F2573cC0a30fA2354EEE9CB394101,0xB31f66AA3C1e785363F0875A1B74E27b85FD66c7,0x953229003d04892263C005f07b3BaD2cc3274a57,100.0,traderjoe,41578823.0
299,0x921f10d157D6DfFF4DDcF72A12B53c2eFFeFBB90,0xB31f66AA3C1e785363F0875A1B74E27b85FD66c7,0x3F96e908fa5CC0d968950a72dD26a3988d431a46,100.0,traderjoe,41594290.0
300,0xB6F4802d28c343EA94A426b90282Cf76913dCD07,0xB31f66AA3C1e785363F0875A1B74E27b85FD66c7,0x3c2BEdC821F13bcbead091ddE0BFDC5ee92ADBe0,100.0,traderjoe,41616754.0
301,0x32833a12ed3Fd5120429FB01564c98ce3C60FC1d,0xB97EF9Ef8734C71904D8002F8b6Bc66Dd9c48a6E,0x34BC25974E274576c657751Eb2fE076fa2557c5a,50.0,traderjoe,41637609.0
302,0xd1c3f94DE7e5B45fa4eDBBA472491a9f4B166FC4,0xB31f66AA3C1e785363F0875A1B74E27b85FD66c7,0x6079c6c97792c6F90351C166B54a363FD65157c2,25.0,traderjoe,41640049.0
303,0xb279f8DD152B99Ec1D84A489D32c35bC0C7F5674,0x9702230A8Ea53601f5cD2dc00fDBc13d4dF4A8c7,0xaB535eE919217D6a4ba32fbBceBd84E1Ef85e1F0,25.0,traderjoe,41642690.0
304,0xdB6ac88616D58a614a9c2219B0CE9BB9f687E482,0xB31f66AA3C1e785363F0875A1B74E27b85FD66c7,0x4A18c630C7fAeb229E746198BCA8ed1FfDb0d16e,100.0,traderjoe,41647049.0
305,0x0215BC3524B00e551dffE5d21e0D8ab1713e7d84,0xB31f66AA3C1e785363F0875A1B74E27b85FD66c7,0xda52d9d80d14C0aBe1F88544636D8B8A2E563d03,100.0,traderjoe,41657658.0
306,0x096D19B58Cab84A2f0Ff0E81c08291BFFaa62848,0xB31f66AA3C1e785363F0875A1B74E27b85FD66c7,0xB9b9377084a92A6b1d65341712761a641c86d95d,100.0,traderjoe,41678059.0
307,0x096D19B58Cab84A2f0Ff0E81c08291BFFaa62848,0xB31f66AA3C1e785363F0875A1B74E27b85FD66c7,0x0D13b7e59fF5a1bB8438C2DE8e9a972DE888F067,50.0,traderjoe,41678949.0
308,0x096D19B58Cab84A2f0Ff0E81c08291BFFaa62848,0xB31f66AA3C1e785363F0875A1B74E27b85FD66c7,0x885ede4C42734B0070219FE1B1b0D2f4830C182E,25.0,traderjoe,41679139.0
309,0x096D19B58Cab84A2f0Ff0E81c08291BFFaa62848,0xB97EF9Ef8734C71904D8002F8b6Bc66Dd9c48a6E,0x162cA0503254606F123e63F2B9Bee4505896C4bf,100.0,traderjoe,41679256.0
310,0x2905d6D6957983d9ED73BC019fF2782c39dd7a49,0xB31f66AA3C1e785363F0875A1B74E27b85FD66c7,0xda168577e7BC13ac323af7ef43Ef028022B93319,25.0,traderjoe,41679490.0
311,0x72C1aCCBb12C51FCE3374449A70F883A40fB56bc,0xB31f66AA3C1e785363F0875A1B74E27b85FD66c7,0x5e382298b21d58293510A984F6455c8e6831420E,100.0,traderjoe,41691148.0
312,0x72C1aCCBb12C51FCE3374449A70F883A40fB56bc,0xB31f66AA3C1e785363F0875A1B74E27b85FD66c7,0x7Bc433a6a3D846B5bA9fb111A961BddF6C2Ab815,50.0,traderjoe,41691235.0
313,0x47f52CCa8EfA121CDe6013102643a671Ea1aAa6D,0xB31f66AA3C1e785363F0875A1B74E27b85FD66c7,0x66d6645932E658406aEf3b89BeD907Bf8C85102f,50.0,traderjoe,41691637.0
314,0xB88a5Ac00917a02d82c7cd6CEBd73E2852d43574,0xB97EF9Ef8734C71904D8002F8b6Bc66Dd9c48a6E,0xE07a515fb3BAfcc0f1E92dDeDFC53F7Dc7e5a0EB,25.0,traderjoe,41709607.0
315,0xa564F88320d3Cc0Eb3649a4a7312582E6d1b702c,0xB31f66AA3C1e785363F0875A1B74E27b85FD66c7,0x5a93215a68239BF6b5018c69dD7aD8684C0e3eB0,50.0,traderjoe,41712478.0
316,0x5a31dB119ceee7f6456C4136199BFF6f75B729b0,0xB31f66AA3C1e785363F0875A1B74E27b85FD66c7,0x2888Ad484E943C55f2Cb63bcCf9a50E7b1f36207,100.0,traderjoe,41713632.0
317,0x169e8f8773072CE4B87fB7e7a47eeD31B481a31f,0xB31f66AA3C1e785363F0875A1B74E27b85FD66c7,0x874d7fe773b3A73d6b26032eC543cF79eCE89701,25.0,traderjoe,41715919.0
318,0x33494c24d904B87B94A1cc9870D966780D56093c,0xB31f66AA3C1e785363F0875A1B74E27b85FD66c7,0x864bc091b52d35f798252846023549Cf54F406CE,50.0,traderjoe,41718816.0
319,0xf11Ed22F65C2B77b2D76b83C3Ac8Fb3CDC20a20A,0xB97EF9Ef8734C71904D8002F8b6Bc66Dd9c48a6E,0xe6b4eCBA1aca6D2F99717689b64C57b39430CA4A,100.0,traderjoe,41741332.0
320,0x2147EFFF675e4A4eE1C2f918d181cDBd7a8E208f,0x152b9d0FdC40C096757F570A51E494bd4b943E50,0x3025ebBc1E3b659c4c97224A6f504B8200a7E7C4,100.0,traderjoe,41744142.0
321,0xE1D81D807660F30B04301559003a74cAe5B52921,0xB31f66AA3C1e785363F0875A1B74E27b85FD66c7,0x205Ce948A4dBE16E4950d92c9578E77221fd6043,100.0,traderjoe,41756063.0
322,0xa27ED4395D816F4A4A3F9F0145d22c601d97958e,0xB31f66AA3C1e785363F0875A1B74E27b85FD66c7,0xaFe16c84BdbBf23363821D8BB8914346640372b4,50.0,traderjoe,41763983.0
323,0x0Cd741F007b417088ca7F4392E8D6B49B4F7A975,0xB31f66AA3C1e785363F0875A1B74E27b85FD66c7,0xd69D0ec33e08e6AADC6637F867D068fDff523bFC,100.0,traderjoe,41770382.0
324,0x50a7146FAea35834CF28e3cD2051b78d30Cc546d,0xB31f66AA3C1e785363F0875A1B74E27b85FD66c7,0xEDbB853cc11388c7Cc71C8EC6bD236f58A2Bfb5a,100.0,traderjoe,41772845.0
325,0x566c45Bd16DEE494ac45fB3FE48F38191b4c939e,0xB31f66AA3C1e785363F0875A1B74E27b85FD66c7,0x1046C781F769e7d631D1Db83907d4ADCEfE5d91B,100.0,traderjoe,41787802.0
326,0x54c3D94E85601c5461a43E042342D485b2aeD4cb,0xB31f66AA3C1e785363F0875A1B74E27b85FD66c7,0x90eE2E260b87545CA6674ad484c145f2C3a68109,100.0,traderjoe,41788401.0
327,0xECe20454aE51451eD6bd6c37041842349D647073,0xB31f66AA3C1e785363F0875A1B74E27b85FD66c7,0x74Ff3Dc45C88908537Da68eFba2d0378E79AB970,50.0,traderjoe,41808730.0
328,0xdc593825992093aD365Ca6e9D995738dB57ce867,0xB31f66AA3C1e785363F0875A1B74E27b85FD66c7,0xFD510104179A10a48aC02FEC68d1cDC7e8BDdCD4,100.0,traderjoe,41826953.0
329,0xC2Db4f94cEb108d851743332F7E0CD92861C1f6f,0xB31f66AA3C1e785363F0875A1B74E27b85FD66c7,0x79188aCd688deF833c1Cb3B4D0F3A84Bb316909b,100.0,traderjoe,41841288.0
330,0x9e1A8a70584B4AF7bAa4C300d632Ee1fB6091d15,0xB31f66AA3C1e785363F0875A1B74E27b85FD66c7,0x4f07Dc40b9283eFEE09e451fed09d02686eF9Fde,100.0,traderjoe,41849157.0
331,0xCe3D8414FFE4d3301e5D05158Fd4AFa1256eb422,0xB31f66AA3C1e785363F0875A1B74E27b85FD66c7,0x55aD515a90C6321D54Adc59CEf61ae124042554B,100.0,traderjoe,41892050.0
332,0x569017E3dED02e179cB128F0832B32d011555570,0x9702230A8Ea53601f5cD2dc00fDBc13d4dF4A8c7,0x872f0c5341Dc85b91b1Ece0e30b1BE9C47bDf24e,100.0,traderjoe,41906319.0
333,0xa4FB4F0Ff2431262D236778495145EcBC975c38B,0x9702230A8Ea53601f5cD2dc00fDBc13d4dF4A8c7,0x78DD5f0c9cF02c849254BA0D8C340C07155EAC5D,100.0,traderjoe,41932049.0
334,0xC2Db4f94cEb108d851743332F7E0CD92861C1f6f,0xB31f66AA3C1e785363F0875A1B74E27b85FD66c7,0x366B423e38fB321b335644acC3a5c3d9D4D788f1,50.0,traderjoe,41958383.0
335,0x95C37af86D617F352F0bEB431fdabF96deB66451,0xB31f66AA3C1e785363F0875A1B74E27b85FD66c7,0xF0Ff1547D3d05E605a01B8b6Ca84fcB9c1F29968,100.0,traderjoe,41961241.0
336,0x6dE6a962C52484B5533C6C11A2217769Ea36830f,0xB31f66AA3C1e785363F0875A1B74E27b85FD66c7,0x67f7dDf139ac52d64E1ae3B547273cD5E1a1C07b,25.0,traderjoe,41971156.0
337,0x35406f7e30030Aa54Bb20217B20406E27dF631e8,0xB31f66AA3C1e785363F0875A1B74E27b85FD66c7,0xe1c303e24Dc95D693f7d6c846b7CECDEEE65525b,100.0,traderjoe,41977281.0
338,0xdfA513f6C1AcbacF12f7AC8CfD56D43B99A9B23f,0xB31f66AA3C1e785363F0875A1B74E27b85FD66c7,0x2C9D0D9767c36ca37AfE66d104A325fa1981D2F1,100.0,traderjoe,41978705.0
339,0x05ab8a4c769348DcdBcC4b4D33C05096702ad29e,0xB31f66AA3C1e785363F0875A1B74E27b85FD66c7,0xEd6010D1FbA42942cDaE4a17B0cDdFd2B2247513,25.0,traderjoe,41995076.0
340,0xDedC86F650d31B984F1D0E6dC758e5a0a88D8985,0xB31f66AA3C1e785363F0875A1B74E27b85FD66c7,0x703B8AC736AAE3fe588B53FF3dE72e66ca3c08b6,25.0,traderjoe,41996162.0
341,0xA1B45b070898Dc114550DAD351b2A96c71ad10A5,0xB31f66AA3C1e785363F0875A1B74E27b85FD66c7,0x73Cf6F106Ab03464B9b12313fE056A1Eb387cFF6,100.0,traderjoe,42008805.0
342,0x6dE6a962C52484B5533C6C11A2217769Ea36830f,0x9702230A8Ea53601f5cD2dc00fDBc13d4dF4A8c7,0xBC43DdF37479fb8a624178C53B7775061265d867,25.0,traderjoe,42009090.0
343,0x571BCEAB2896FA2D31621f4dc34433d1c5b4053F,0xB31f66AA3C1e785363F0875A1B74E27b85FD66c7,0x7E18D6144B73240d7840631e327DaE5634f28f00,50.0,traderjoe,42020054.0
344,0x95EAce4ED65e4C2E9Fd691b978B36e75f740DD14,0xB31f66AA3C1e785363F0875A1B74E27b85FD66c7,0xF04f146d32b01ae80Fd4f9c5dC2D076690A97F24,50.0,traderjoe,42031240.0
345,0x91EEABc5d35D32fFC780650B765473928C58d808,0xB97EF9Ef8734C71904D8002F8b6Bc66Dd9c48a6E,0x39479FC0C3A7b2377225459F964862819a608e47,50.0,traderjoe,42035490.0
346,0xD30761D469b0eb569177b58Af09c1ded82D7030c,0xB31f66AA3C1e785363F0875A1B74E27b85FD66c7,0x618A10E32E180E2193410D114Ea738EbEB7185BC,100.0,traderjoe,42069240.0
347,0x2fbbc708865b173918159D8A0be76439C3c7f814,0xB31f66AA3C1e785363F0875A1B74E27b85FD66c7,0xE386e5E0563832947B9f0c787978291CB6ebF936,25.0,traderjoe,42104077.0
348,0xa0DC1f36AA5B99a904bD0B101CecA782Ac27E975,0xB31f66AA3C1e785363F0875A1B74E27b85FD66c7,0x44ec35395bB470881de466B7eEdFa274a77323bB,25.0,traderjoe,42142097.0
349,0x3EBaB27910263D59aA71912cc2Ac2BDbaACdc5b0,0xB31f66AA3C1e785363F0875A1B74E27b85FD66c7,0x5f0944F0f73B4E2A2C69AC6433a45e77bDbA3Af5,25.0,traderjoe,42142339.0
350,0x7a38dC0A90e4d1D2e9bB4Df59926c03D8Cb278aD,0xB31f66AA3C1e785363F0875A1B74E27b85FD66c7,0x5E6243d4a0AE69E22ccf1806318aaA8291966074,25.0,traderjoe,42142497.0
351,0x1fCC4376531b08A69aEF37980C93e87FEEe341a8,0xB31f66AA3C1e785363F0875A1B74E27b85FD66c7,0xFa5B60A47205B400cdB089515bcB812B05ae42A2,25.0,traderjoe,42142650.0
352,0xfE0C6c198367dc95cD5Ca5359D9e95DF55475432,0xB31f66AA3C1e785363F0875A1B74E27b85FD66c7,0x1AF20B13dCc3268B72b0DA07FFa903193D5DB1a3,25.0,traderjoe,42142786.0
353,0xeA35a37c7CF4bA956Cca851C6744A281Ade96853,0xB31f66AA3C1e785363F0875A1B74E27b85FD66c7,0x08b9E7Bd7E963D3379b9b6a030990BE907D86689,25.0,traderjoe,42142880.0
354,0xcDB062813B6585e5b90a79EedBcb2B8f67013e0F,0xB31f66AA3C1e785363F0875A1B74E27b85FD66c7,0x853A692013F5083e9a0bB20a90635459B9923d5d,25.0,traderjoe,42143098.0
355,0x92ddF697A27251bd1C84BBD1352De2a249BaC8a2,0xB31f66AA3C1e785363F0875A1B74E27b85FD66c7,0xC7053A72fa042A7B6BF6Cf150f6F95bAe8856B86,25.0,traderjoe,42143124.0
356,0x68871bb9442338Ee41286A1436085B47cE9135E8,0xB31f66AA3C1e785363F0875A1B74E27b85FD66c7,0x1e69A315e1Be0dAaB228CC21C5b6A7a370214A1a,25.0,traderjoe,42143151.0
357,0x3359841011D39C02f9d478503E33E03dd79d888E,0xB31f66AA3C1e785363F0875A1B74E27b85FD66c7,0xE5309199a0f2b5ae6c70d4b432A67E55DbBedddd,25.0,traderjoe,42143175.0
358,0x866dB256706387DB8c0460a59C751DE54d922A46,0xB31f66AA3C1e785363F0875A1B74E27b85FD66c7,0x422DEe1029A5A614E329df53ED71288Ab0fF7401,25.0,traderjoe,42143204.0
359,0x2265F5D48dEBd05189a195F19c20A2A1f95FeF40,0xB31f66AA3C1e785363F0875A1B74E27b85FD66c7,0x87Cfe06AD4Ff9F74c74811946EfC7D2B49aB1078,25.0,traderjoe,42143228.0
360,0xd6a2A282Ae1A6069998Fc6D4752D830CFA0B6b3F,0xB31f66AA3C1e785363F0875A1B74E27b85FD66c7,0x85598054f735e276591b159b9af459F0589DAfFd,25.0,traderjoe,42143250.0
361,0xB96fE3897AeEF120ee2527f353123c869eEc9e53,0xB31f66AA3C1e785363F0875A1B74E27b85FD66c7,0x5A57a044911D4754B3a234B457Ef9299a7949dcb,25.0,traderjoe,42143276.0
362,0x2791603940A555f599752079BdF18570A0441563,0xB31f66AA3C1e785363F0875A1B74E27b85FD66c7,0x67b82a86922527de4535C57aE6FAaEfbfB2b218d,25.0,traderjoe,42143300.0
363,0x804510C79820636d6D896f7352EBFe6992702E58,0xB31f66AA3C1e785363F0875A1B74E27b85FD66c7,0x991035559F2498bae6fCB7ca312E07e7a70BdDe5,25.0,traderjoe,42143323.0
364,0x1b2764170706B1df36d0f52d34A5B56D47c3e6B2,0xB31f66AA3C1e785363F0875A1B74E27b85FD66c7,0x322c170E9A02f70cE369a8af3fC43E0A5d8E3178,25.0,traderjoe,42143345.0
365,0x7A6Cd5f16efe763C24CD8eb5c2e05DCa5dDA76AE,0xB31f66AA3C1e785363F0875A1B74E27b85FD66c7,0x8Ec3a9dd685A746c9230dBBC76CB85060Ff25C5c,25.0,traderjoe,42143366.0
366,0x21044D42bB2A84D64d626B65c8962F6996e16519,0xB31f66AA3C1e785363F0875A1B74E27b85FD66c7,0xA537838ed2f18E4F25d5aFd6EbE8B67eBCBAA846,25.0,traderjoe,42143388.0
367,0x8e743b1f02B6a49C74b131FFa7e36Aa2fd7fE4Fb,0xB31f66AA3C1e785363F0875A1B74E27b85FD66c7,0x8f09192DCc1bB796c5e142895934E07304Be87a1,25.0,traderjoe,42143411.0
368,0x90f0B3Eb2eB1f89AB2fFAb711E218B9a99faE806,0xB31f66AA3C1e785363F0875A1B74E27b85FD66c7,0x673590b1f28594d6DbC482F13CC390D47a62AB1A,25.0,traderjoe,42143439.0
369,0x6F65Ef8f6EF88458413963A3cda73BCB9C5202d8,0xB31f66AA3C1e785363F0875A1B74E27b85FD66c7,0x850d1EaBE1aDb1c96aC0a45a5248D3f6Be49a1A1,100.0,traderjoe,42164302.0
370,0x3419875B4D3Bca7F3FddA2dB7a476A79fD31B4fE,0xB97EF9Ef8734C71904D8002F8b6Bc66Dd9c48a6E,0x96d886a1E9d09FeD7018bab678F0772Ef77C270E,100.0,traderjoe,42203450.0
371,0x3419875B4D3Bca7F3FddA2dB7a476A79fD31B4fE,0xB31f66AA3C1e785363F0875A1B74E27b85FD66c7,0x896Fb72fDC6CcE65c8b15DF4371843769B227B63,50.0,traderjoe,42209218.0
372,0x3419875B4D3Bca7F3FddA2dB7a476A79fD31B4fE,0x9702230A8Ea53601f5cD2dc00fDBc13d4dF4A8c7,0x6c2022A8435950bF7766B656cADE34eECDEa3b60,100.0,traderjoe,42209415.0
373,0x3419875B4D3Bca7F3FddA2dB7a476A79fD31B4fE,0xB31f66AA3C1e785363F0875A1B74E27b85FD66c7,0x193d697afddb017f4D64b642ad43E7CB6B733363,25.0,traderjoe,42209559.0
374,0x22e3f5d58E2D4D90ec9F234e8ecF017FCFcf7258,0xB31f66AA3C1e785363F0875A1B74E27b85FD66c7,0x8c3A2720c9b7e72CAd7B14d5F80b795428723aab,100.0,traderjoe,42218690.0
375,0x3419875B4D3Bca7F3FddA2dB7a476A79fD31B4fE,0xB97EF9Ef8734C71904D8002F8b6Bc66Dd9c48a6E,0x1Fb059cfeE3F3672aA2F584609360450bcD625F4,25.0,traderjoe,42240416.0
376,0x604F406b18775CE759509103F18f0C69Ee8F2441,0xB31f66AA3C1e785363F0875A1B74E27b85FD66c7,0x105B80C8D01334b00253eD0fFEBe480E9352D85F,25.0,traderjoe,42250260.0
377,0x9913BA363073Ca3e9eA0cD296E36B75aF9E40bef,0xB31f66AA3C1e785363F0875A1B74E27b85FD66c7,0x72D1eAB28c7539630d6701EF0F96DCF36553cED7,100.0,traderjoe,42262632.0
378,0xC15EFAc5A13D7EbF83DCD6Eaf7FDaf2869b9f468,0xB31f66AA3C1e785363F0875A1B74E27b85FD66c7,0x39983E1004498b0C44A39e2872Fe46496A2F5B04,100.0,traderjoe,42265845.0
379,0xA0736186baFfFbE946A9AFe2dF4485e586B60c22,0xB31f66AA3C1e785363F0875A1B74E27b85FD66c7,0xb42c0cB9537Cd660851118243dD5A4931843b693,100.0,traderjoe,42266495.0
380,0xD9E379ff2c548E193cb0e814da535E8303F5D323,0xB31f66AA3C1e785363F0875A1B74E27b85FD66c7,0xd7F09851Ae6c8704658B7CE51955244254036E21,25.0,traderjoe,42267496.0
381,0x012E44fbeb4c820395D3ff852E9941Aa8675542b,0xB31f66AA3C1e785363F0875A1B74E27b85FD66c7,0xbe3Cf636Ca38a69c9B4842F65A613E970a02Cb1E,25.0,traderjoe,42269904.0
382,0xa0e771CA3d9c563bD65584863D88a305EBa2d45A,0xB31f66AA3C1e785363F0875A1B74E27b85FD66c7,0x2839828C675431533C2CF43200A9833f99aB281F,25.0,traderjoe,42272716.0
383,0xc698fE1AFFeaC83D3D899a73e6bE9e840131Ee76,0xB31f66AA3C1e785363F0875A1B74E27b85FD66c7,0x8d521E8Ea0D050Ff2BBe12Ee296f2Cadfb77A136,100.0,traderjoe,42273919.0
384,0xc10D6549b568b8C831E6F519B43196E5A3749023,0xB31f66AA3C1e785363F0875A1B74E27b85FD66c7,0xDcd5C59d0CE322B3C3c9BB402EE879bB380cC0A8,25.0,traderjoe,42276348.0
385,0xb42Cc4EeDE9171B4Dd2ec4047399FB08Bc660a7D,0xB31f66AA3C1e785363F0875A1B74E27b85FD66c7,0x3d4944330cD6ba7FcAd17Bc8A348a45fe589CFaa,100.0,traderjoe,42296416.0
386,0x62D0A8458eD7719FDAF978fe5929C6D342B0bFcE,0xB97EF9Ef8734C71904D8002F8b6Bc66Dd9c48a6E,0xda47904d8916BE214a15c51739749b119f26196A,100.0,traderjoe,42305716.0
387,0x66B7Cd2046C633196Cfd061Db21Ca6A23Ab9ba3a,0xB31f66AA3C1e785363F0875A1B74E27b85FD66c7,0x457D8eA4850eE1053a203EE6624b867F50C72d44,100.0,traderjoe,42341532.0
388,0x09840dE472Ef5cC9612aCe5D76A8452c2E249e67,0xB31f66AA3C1e785363F0875A1B74E27b85FD66c7,0xB51c34E84C5221370cDb441E7830818ddD058Db3,100.0,traderjoe,42346467.0
389,0x188B28Df5585fb577FaA7D781f6C61777Eeb12c2,0xB31f66AA3C1e785363F0875A1B74E27b85FD66c7,0x9c591f463E96cC30835719E893b9248F52366e97,100.0,traderjoe,42353566.0
390,0xCCA09eab7Fc22E60c1f46F8F256B8c6B4a88114F,0xB31f66AA3C1e785363F0875A1B74E27b85FD66c7,0x51122c24c28C6d2c1DAC6490f15473c617917676,100.0,traderjoe,42353955.0
391,0xF6C95C3A750CC7f6a8C96d9b08CC132A44c7Bd72,0xB31f66AA3C1e785363F0875A1B74E27b85FD66c7,0xFEb8f7D99A5a6563fc5Ef7C5a8319c29E2b94732,50.0,traderjoe,42356555.0
392,0xF6C95C3A750CC7f6a8C96d9b08CC132A44c7Bd72,0xB31f66AA3C1e785363F0875A1B74E27b85FD66c7,0x8c4ABd14c1fDFC3b00e697876525Fe3c19c45009,100.0,traderjoe,42356575.0
393,0x5947BB275c521040051D82396192181b413227A3,0xB31f66AA3C1e785363F0875A1B74E27b85FD66c7,0x070B8458A136915dD7F3C676AebfC784868832da,50.0,traderjoe,42365653.0
394,0x95C239468C7Af62D6073aC7D23BD29dF3b7f81D7,0xB31f66AA3C1e785363F0875A1B74E27b85FD66c7,0xA487D63966849f136108BB8d6039A2Ce78D4B5cE,100.0,traderjoe,42385097.0
395,0x99a2Cc5C14A68b05479aA10bC2cDda7CA1942b4C,0xB31f66AA3C1e785363F0875A1B74E27b85FD66c7,0xc49baab310C29AdA67a4300aF2eC71c7b07d67FC,100.0,traderjoe,42390907.0
396,0x6A8a46AEDF04337bEd00e91728965F7d2140bfC6,0xB31f66AA3C1e785363F0875A1B74E27b85FD66c7,0xeE9cc3F581E7Bc99183c191C6fDFa5b122326e8a,25.0,traderjoe,42427838.0
397,0x094bd7B2D99711A1486FB94d4395801C6d0fdDcC,0xB97EF9Ef8734C71904D8002F8b6Bc66Dd9c48a6E,0x1C3dDed40d96ADdd31471F5081463eEBD4457819,100.0,traderjoe,42437007.0
398,0xC1980c31Cf50e460a3fc3cbF2058A595AdF67fFb,0xB31f66AA3C1e785363F0875A1B74E27b85FD66c7,0x9BaF89aaDf224aa861B7F37Ddcd58904640807E8,25.0,traderjoe,42445774.0
399,0x4859318957Fc6a72539E6BE4671f351ae0dbdFDF,0xB31f66AA3C1e785363F0875A1B74E27b85FD66c7,0xDEe7D9F331253399EFe21d142aB9779f6Ba2668B,25.0,traderjoe,42451164.0
400,0x5Ac04b69bDE6f67C0bd5D6bA6fD5D816548b066a,0xB31f66AA3C1e785363F0875A1B74E27b85FD66c7,0x13823dF65A950D85EF2Bc4361eD9a169B267504f,100.0,traderjoe,42472311.0
401,0x5Ac04b69bDE6f67C0bd5D6bA6fD5D816548b066a,0xB31f66AA3C1e785363F0875A1B74E27b85FD66c7,0x7570A920d85372d9cCb1f8f186d657125c8F06C5,25.0,traderjoe,42472799.0
402,0xA6506cD57B4ec5d75bCD8D74BadB7BC260C59Ea6,0xB31f66AA3C1e785363F0875A1B74E27b85FD66c7,0xe52Dc73BfD7EE7e12a8333ecAEd4B699967D5f5c,25.0,traderjoe,42472871.0
403,0xA6506cD57B4ec5d75bCD8D74BadB7BC260C59Ea6,0xB31f66AA3C1e785363F0875A1B74E27b85FD66c7,0x3C0745f1f1d6b450C57918c4D0a2679A055e31B1,100.0,traderjoe,42473049.0
404,0x728Fc03b69291314608B0B2a1A8C50a488c4EE67,0xB31f66AA3C1e785363F0875A1B74E27b85FD66c7,0xDE4907Eb612CAA28d94Dc9f91ce8437b4c69BA89,50.0,traderjoe,42476608.0
405,0xD0905dFE02AF35CCA797110007b8f4732FCEeC77,0xB31f66AA3C1e785363F0875A1B74E27b85FD66c7,0xf89CbA5E458e9D407FD623A93cd14371550CDD2A,50.0,traderjoe,42481146.0
406,0xa9a21C83f40B0D81B9b79e93704580A76972d2F8,0xB31f66AA3C1e785363F0875A1B74E27b85FD66c7,0xe13B1a63CaFC976bd6Be3ECCA3D8e806700105a7,25.0,traderjoe,42482092.0
407,0xAcFb898Cff266E53278cC0124fC2C7C94C8cB9a5,0xB31f66AA3C1e785363F0875A1B74E27b85FD66c7,0x3B100aEcc091Be501Fb5376679359B6D63bfCeb9,25.0,traderjoe,42498717.0
408,0x7D406a537D6A5B2fE6329d2AF0240B3790EeDE62,0xB31f66AA3C1e785363F0875A1B74E27b85FD66c7,0x1edA8E2ECBe09786700d3026f6D8d4a0c3C84Fa9,100.0,traderjoe,42528982.0
409,0xeEf09f388Ef8d2bf0d282b39E2A9FDbfA8374915,0x9702230A8Ea53601f5cD2dc00fDBc13d4dF4A8c7,0x881C06BE4623425148231fDA9a49868226a42C53,25.0,traderjoe,42534475.0
410,0x89700613Ca1AA0d05023df7197C2C6227e3e8b0b,0xB31f66AA3C1e785363F0875A1B74E27b85FD66c7,0x0e6C3F353097902FD682938aF637afc3F341A2AD,100.0,traderjoe,42538801.0
411,0xeEf09f388Ef8d2bf0d282b39E2A9FDbfA8374915,0x9702230A8Ea53601f5cD2dc00fDBc13d4dF4A8c7,0x77caBd8EeE8Cfa50A301e423263569468Cf15FC8,50.0,traderjoe,42558104.0
412,0xE06fba763C2104dB5027F57f6A5Be0a0D86308af,0xB31f66AA3C1e785363F0875A1B74E27b85FD66c7,0xc74FAF8688f153AE07a5e09D591856965cD6C8C2,25.0,traderjoe,42559480.0
413,0x64D72f004Fd360aC36998C8117e6bA870B496Fc0,0xB31f66AA3C1e785363F0875A1B74E27b85FD66c7,0x5f343dd35D41cce161D0e836a2317602725e3aa6,25.0,traderjoe,42563147.0
414,0x02D980A0D7AF3fb7Cf7Df8cB35d9eDBCF355f665,0xB31f66AA3C1e785363F0875A1B74E27b85FD66c7,0x66790e23Ae5deA4CfDE4e9D9d996D73d47d65Fc4,100.0,traderjoe,42568843.0
415,0x90D1ad4165E7aD06b0019782320131c295B66993,0xB31f66AA3C1e785363F0875A1B74E27b85FD66c7,0x4aBf14A6f021297f38D1cC7Ec26De698c0c08832,100.0,traderjoe,42569459.0
416,0x33335cf7D6c740c8435f3CE098672223aC6bbfE3,0xB31f66AA3C1e785363F0875A1B74E27b85FD66c7,0xBD525076d8f90836fc586f2b36F62195A2211Bf2,100.0,traderjoe,42570004.0
417,0x694200a68B18232916353250955bE220e88c5cBB,0xB31f66AA3C1e785363F0875A1B74E27b85FD66c7,0x51684d6e8EEC82fE4DBD9f7359A7FE31740c4259,100.0,traderjoe,42571719.0
418,0x239c1d2fb158113Dc4B10133b66d7516207879c5,0xB97EF9Ef8734C71904D8002F8b6Bc66Dd9c48a6E,0x1e42a4507CBDA26CAE705e1AE3741A1eA5c27E2b,100.0,traderjoe,42579893.0
419,0x9f1453d0fADC73aE12d4e1BD8311AA2463AE7d0D,0xB31f66AA3C1e785363F0875A1B74E27b85FD66c7,0xCf672d35e9835C8Cba40EF386F97f017A37be197,25.0,traderjoe,42588308.0
420,0x9f1453d0fADC73aE12d4e1BD8311AA2463AE7d0D,0xB31f66AA3C1e785363F0875A1B74E27b85FD66c7,0x4cBF6ebDF23b086ea7258Ba13f80804A748Edc4c,50.0,traderjoe,42588770.0
421,0x6EAdB4a5D0D879a123D8152C580532f36f320BBB,0xB31f66AA3C1e785363F0875A1B74E27b85FD66c7,0x99167Ada45BeDDCcDF588679e6D299757E30D197,100.0,traderjoe,42595510.0
422,0x1dACB177B5199c494441816B729B47be686c1ddE,0xB31f66AA3C1e785363F0875A1B74E27b85FD66c7,0x0b25091BC0d26837870D962b61A0a559648eC0fC,25.0,traderjoe,42605732.0
423,0x1dACB177B5199c494441816B729B47be686c1ddE,0xB31f66AA3C1e785363F0875A1B74E27b85FD66c7,0x7E22a067b9f02c6c4dc7D7f54E2a9bc16C314d1c,100.0,traderjoe,42605915.0
424,0x956CFf2cE99f611fa727Fdf823dFc73329141CD0,0xB31f66AA3C1e785363F0875A1B74E27b85FD66c7,0x7b3a9715e4Be7F506ee901C8fD0eC6D39CA41571,100.0,traderjoe,42609219.0
425,0x189Fb5e51ac45644dCeae28F156E0456BAab1b2B,0xB31f66AA3C1e785363F0875A1B74E27b85FD66c7,0x13a2500D522Eaa4DA30a63d65D7D5b2541a320ef,25.0,traderjoe,42627458.0
426,0x548782fBBb0C918cD2EbAd4BFa79Ece07a3D2ec8,0xB31f66AA3C1e785363F0875A1B74E27b85FD66c7,0xDF060AB8AA9Cf2Fb08A77252B323dD1f665002CA,100.0,traderjoe,42632847.0
427,0x58CAB33C77DeFF19F876E6f6aBbb88399356e9f3,0xB31f66AA3C1e785363F0875A1B74E27b85FD66c7,0xD06B097519318Ce5b233E8C92a86E2a4837ecC6B,100.0,traderjoe,42653825.0
428,0xfC5f2ec91F5785863EAAe827f4Aa3E9c28dD8FEa,0xB31f66AA3C1e785363F0875A1B74E27b85FD66c7,0x7A23a06ab05C971224075332F891282532d431bD,100.0,traderjoe,42680671.0
429,0x47a3D80864171Bd0D5C775950610a1a9dd376200,0xB31f66AA3C1e785363F0875A1B74E27b85FD66c7,0x207b1500038987ED692ce4ddE42ee983DCCfEB59,100.0,traderjoe,42680934.0
430,0x04f388E30BfD03f357AE061ec5680c7e4ac4cF09,0xB31f66AA3C1e785363F0875A1B74E27b85FD66c7,0x91Be101843c34F963B4E3C21b3fB13248B1DCD60,100.0,traderjoe,42684740.0
431,0xc8E7fB72B53D08C4f95b93b390ed3f132d03f2D5,0xB31f66AA3C1e785363F0875A1B74E27b85FD66c7,0x6f5FC7B60ae16363DFf6FEfE931FaEE154884996,100.0,traderjoe,42686061.0
432,0x3eEFe43c1f953Dba8d8ee2618770C9aaE7234C27,0xB31f66AA3C1e785363F0875A1B74E27b85FD66c7,0xb6C0e969D9f6750c7857DAbDe198Fe829DC8CD7B,100.0,traderjoe,42687410.0
433,0xdC6256547F45a009068De4cF8c2842242Fe15694,0x9702230A8Ea53601f5cD2dc00fDBc13d4dF4A8c7,0xd2819fdc58787793962CeD8aD8E73Fd0D50bAfAB,100.0,traderjoe,42688326.0
434,0xFB0a5623cE035Fd8f82C0715cfc132140af6e84B,0xB31f66AA3C1e785363F0875A1B74E27b85FD66c7,0xf24B15766a50C8d1A372e72e22D92a7668E7592e,100.0,traderjoe,42691526.0
435,0xB947cdacC4998985106cA278dF2A23875c5a8363,0xB31f66AA3C1e785363F0875A1B74E27b85FD66c7,0xf5B5FFaE6aE1c46a40F91580783069c81eaFf1A6,100.0,traderjoe,42693491.0
436,0x985a16c56580FF490c1FdA4E1e3a827038339121,0xB31f66AA3C1e785363F0875A1B74E27b85FD66c7,0x981051e45C0B16a259557ce56DD16220914C7871,25.0,traderjoe,42694626.0
437,0x47688890d97D27C21D12D62776190E245A4a1A2B,0xB31f66AA3C1e785363F0875A1B74E27b85FD66c7,0x1Ec917F659fB8f7932d92F8C3bE9ccc4870A8666,100.0,traderjoe,42696170.0
438,0x2c7651Ce09cEd5820d94599fBB54BcA08f0c7270,0xB97EF9Ef8734C71904D8002F8b6Bc66Dd9c48a6E,0x6738433C6A08F76cA4605511d4Fd843338e5Eb20,100.0,traderjoe,42732349.0
439,0x4223b7CF16ac8FDE99b1595454D26e92B021677C,0xB31f66AA3C1e785363F0875A1B74E27b85FD66c7,0x3D8854BD17C06c6190DF38eDaDb5bADcfEadd0fA,100.0,traderjoe,42733083.0
440,0x3D1D50447bd1Cc5B633C44c359D9312F9CC56EB6,0xB31f66AA3C1e785363F0875A1B74E27b85FD66c7,0x08A28d54c354Adf4429207363b477aA21E8A912f,100.0,traderjoe,42733565.0
441,0x7209Da164CFfA17E1a2bCdD8CB87eD878f85d938,0xB31f66AA3C1e785363F0875A1B74E27b85FD66c7,0x859Bf12c60e16A2DD4fF551baA8023dA52b84612,100.0,traderjoe,42736361.0
442,0x05B0Def5c00bA371683D7035934BcF82B737C364,0xB31f66AA3C1e785363F0875A1B74E27b85FD66c7,0xf4002901e2BCFD14151afd5dc3DEa66eD3d9BaCe,100.0,traderjoe,42746326.0
443,0xF25a5C767aCB57f9Ea96f5FeE28aDDA7218b5AED,0xB31f66AA3C1e785363F0875A1B74E27b85FD66c7,0x7853dBbBa15cCCCd381fc8BF486aC2e8697fb085,100.0,traderjoe,42756435.0
444,0x2cBDd9E70BE69fa16bBb6a2A598b9AFCD4D8633f,0xB31f66AA3C1e785363F0875A1B74E27b85FD66c7,0x3ca414fE015a5d0D6EAF8603059443177a8F22ed,50.0,traderjoe,42760229.0
445,0x5Ac04b69bDE6f67C0bd5D6bA6fD5D816548b066a,0xB97EF9Ef8734C71904D8002F8b6Bc66Dd9c48a6E,0xf88cC3FD192e0561734a1ad20E9f8d3E0a5ec61a,100.0,traderjoe,42764034.0
446,0xE4fFA0637B6552ee3dFFcFEBC5e17fA4D37279CE,0xB31f66AA3C1e785363F0875A1B74E27b85FD66c7,0xD22fd0b42d6878cd507C5a35e4437f927235944C,50.0,traderjoe,42767834.0
447,0x0Aef28639842753467B0a56b8d9d2600986046Cf,0xB31f66AA3C1e785363F0875A1B74E27b85FD66c7,0x006993A4304dBf23558CE5CE212fB189da21be7b,50.0,traderjoe,42771605.0
448,0x6B9c4192bCB8b845c2D127f6F4E0535185431056,0xB31f66AA3C1e785363F0875A1B74E27b85FD66c7,0x9E4fF61b91351c5337D70f61aD691491e28a15cF,50.0,traderjoe,42772296.0
449,0xc7198437980c041c805A1EDcbA50c1Ce5db95118,0xB31f66AA3C1e785363F0875A1B74E27b85FD66c7,0x62318b2C41Deda391AbcA4D0af9aDcD1507c4e7b,100.0,traderjoe,42772446.0
450,0x0a427d819230cBe94cecD1172F92c444824609F2,0xB31f66AA3C1e785363F0875A1B74E27b85FD66c7,0xe3f25cC6daf2FC5833f1D2a51BAF6eE25a1f883C,50.0,traderjoe,42774654.0
451,0xB31f66AA3C1e785363F0875A1B74E27b85FD66c7,0xB97EF9Ef8734C71904D8002F8b6Bc66Dd9c48a6E,0x55a50aDBa067530b96d30225f9de86640431e86f,5.0,traderjoe,42775980.0
452,0xAcFb898Cff266E53278cC0124fC2C7C94C8cB9a5,0xB97EF9Ef8734C71904D8002F8b6Bc66Dd9c48a6E,0xf6976BF60a0FC7954f1438E782A60ae3815c76a2,100.0,traderjoe,42776543.0
453,0x184ff13B3EBCB25Be44e860163A5D8391Dd568c1,0xB97EF9Ef8734C71904D8002F8b6Bc66Dd9c48a6E,0x71093ef72f51C8170d562ebB7018b850B511C092,100.0,traderjoe,42776661.0
454,0x8aD25B0083C9879942A64f00F20a70D3278f6187,0xB31f66AA3C1e785363F0875A1B74E27b85FD66c7,0x6a15a4d5Bf3C0004c28aa1a67af0A32C54a140AE,100.0,traderjoe,42777483.0
455,0x3F78F83E11f5a24F3FCd01622A2f2BCe9C650BB5,0xB31f66AA3C1e785363F0875A1B74E27b85FD66c7,0xc0cD128A2752a23F977F62955Ff3664cc40eF851,100.0,traderjoe,42780850.0
456,0xa75F07b453906Bdc1BFd6a1793dE49A4D89d48ab,0xB31f66AA3C1e785363F0875A1B74E27b85FD66c7,0x57C9C472CC8C906131676CD3dE21C6B1B1A110c8,100.0,traderjoe,42782516.0
457,0xAcFb898Cff266E53278cC0124fC2C7C94C8cB9a5,0xB31f66AA3C1e785363F0875A1B74E27b85FD66c7,0xdfB96ac89594D726295be279b43f10804DA005F6,50.0,traderjoe,42783018.0
458,0x8aD25B0083C9879942A64f00F20a70D3278f6187,0xB31f66AA3C1e785363F0875A1B74E27b85FD66c7,0xeb76404083Ad03A1Da2adbeA3564B341005c86BD,25.0,traderjoe,42783967.0
459,0xc8E7fB72B53D08C4f95b93b390ed3f132d03f2D5,0x9702230A8Ea53601f5cD2dc00fDBc13d4dF4A8c7,0x844016Fda2F8416f16Bfd1FD313B8f878e86F2bE,100.0,traderjoe,42788918.0
460,0x63a72806098Bd3D9520cC43356dD78afe5D386D9,0x9702230A8Ea53601f5cD2dc00fDBc13d4dF4A8c7,0xBC8C609a6bB42099A796df4383dc8E05566851a7,100.0,traderjoe,42790024.0
461,0x90714f6dCD3189A6B1A3b0AF890ea37958b77370,0xB31f66AA3C1e785363F0875A1B74E27b85FD66c7,0xc085194c0CDc9378F4CdaF1f98720A9057df1987,50.0,traderjoe,42790873.0
462,0xa9b2e49FFd9C77afb1A8C6485Ede799A4f2fc256,0xB31f66AA3C1e785363F0875A1B74E27b85FD66c7,0x641C0e6BBF6db40E16ae0c512D5C1fF600fA0694,50.0,traderjoe,42791240.0
463,0xc8E7fB72B53D08C4f95b93b390ed3f132d03f2D5,0x9702230A8Ea53601f5cD2dc00fDBc13d4dF4A8c7,0xb482bDD376a3bDA89E28BAba9eA06E07748a6519,25.0,traderjoe,42793051.0
464,0xAaA8f490b2269CC9a4C77ECEf63a6DB8754e00b9,0xB31f66AA3C1e785363F0875A1B74E27b85FD66c7,0xb0b39DB8E3206234C233DE90C7796516B70fb915,100.0,traderjoe,42794533.0
465,0x0FfeB86fc63e3B92C2EAeC3b7A3EAbc2bD3AFd6E,0xB31f66AA3C1e785363F0875A1B74E27b85FD66c7,0x9AD22ACD60e2385d249571b086d4022008F656BA,50.0,traderjoe,42802649.0
466,0xa5Dbc83ce195b93602F1907CeBB8A2eC99b016C3,0xB31f66AA3C1e785363F0875A1B74E27b85FD66c7,0xFD53Ea364Fbe877D6C592aF4a2d16AB6955Ca6Eb,100.0,traderjoe,42805329.0
467,0x5EC6E8e4a2B99D41E8FAc295aD89adD97866A067,0xB31f66AA3C1e785363F0875A1B74E27b85FD66c7,0xfc9E478F96397C5e78feaa9db483E2767Efe7f63,100.0,traderjoe,42805860.0
468,0x73f49d00AC1B520F94d11248808c40774aeb0802,0xB31f66AA3C1e785363F0875A1B74E27b85FD66c7,0x709ab779dDF45806554E8B24DECCec3E860C5b23,100.0,traderjoe,42809756.0
469,0x7c36A5932a9A5B7f1A3270071084d1B53C11b556,0xB31f66AA3C1e785363F0875A1B74E27b85FD66c7,0x663b23eccD561547F5c7C5e9db395f16d942E28b,100.0,traderjoe,42812813.0
470,0x833aC6f370dC071936180629B02F91f6Cb36944B,0xB31f66AA3C1e785363F0875A1B74E27b85FD66c7,0xde7a8bdea136A39D77E3ff1B1645D94275b1c380,100.0,traderjoe,42818426.0
471,0x2EB6D04e49b99eB1fF041001Dd00100b9d46b328,0xB31f66AA3C1e785363F0875A1B74E27b85FD66c7,0xeD36e641812177347CDdaDAeC3ADa3CE8C3C80FD,100.0,traderjoe,42818872.0
472,0x449674B82F05d498E126Dd6615a1057A9c088f2C,0xB31f66AA3C1e785363F0875A1B74E27b85FD66c7,0x2ab17B0B7ABecb47A8eCF57153d1A9e5b4f9489D,100.0,traderjoe,42819422.0
473,0xc458b5f6e1aBf06956c6fdC5024F5802a7C3C4ef,0xB31f66AA3C1e785363F0875A1B74E27b85FD66c7,0x4062BeAFC45C0a620BC4e9921De4F22e3Bd90232,100.0,traderjoe,42819461.0
474,0x564f938cef8535ADa20a816af3b11080332bb31f,0xB31f66AA3C1e785363F0875A1B74E27b85FD66c7,0x6476095EDD43F976Fc6920a97a785C9b022aEEAE,100.0,traderjoe,42820758.0
475,0x4F94b8AEF08c92fEfe416af073F1Df1E284438EC,0xB31f66AA3C1e785363F0875A1B74E27b85FD66c7,0x5fc0D69e5370fF1Ab7eD76c54Ef05264F23bBBA1,50.0,traderjoe,42824617.0
476,0xCF7Cc39123e35AF07171981301bEE6D13EFAc1Fe,0xB31f66AA3C1e785363F0875A1B74E27b85FD66c7,0x660Fc5c5B1491B56a74a6BAa8899e70dcE134835,50.0,traderjoe,42827413.0
477,0x9270cA2Df180E396B491301C580AE6a26Be7A76d,0xB31f66AA3C1e785363F0875A1B74E27b85FD66c7,0x36abA15a1A93d4E7d5f26D221c1374C1e3994ce1,100.0,traderjoe,42833201.0
478,0x932ddB75eB4b58bD52E89C0FE989ef1578297446,0xB31f66AA3C1e785363F0875A1B74E27b85FD66c7,0x05be63ECd788aBFF759b996609DbDa7E631a88a9,100.0,traderjoe,42835593.0
479,0x4c83c54f37Da57bA163D8133dAa454B7A007c9FD,0xB31f66AA3C1e785363F0875A1B74E27b85FD66c7,0x2854Cc8B1F1779E4425E16422B8e34e7B8f335a1,100.0,traderjoe,42837067.0
480,0x8439Fa4D52374dc690F07F1F3935328c4d439AcD,0xB31f66AA3C1e785363F0875A1B74E27b85FD66c7,0x74Dafe8D7B4C99341db145915689f8454C6ab3c6,50.0,traderjoe,42840270.0
481,0xe82153B52600239Eb83f35E7228C933F8CdE2E35,0xB31f66AA3C1e785363F0875A1B74E27b85FD66c7,0x9bF8FD37292982d106C7D522B62270Be6C34208C,100.0,traderjoe,42841611.0
482,0x8aD25B0083C9879942A64f00F20a70D3278f6187,0x9702230A8Ea53601f5cD2dc00fDBc13d4dF4A8c7,0x0bf5225e1AbeC668BCc897A70DFAf4a1b73738fa,100.0,traderjoe,42844652.0
483,0xfeF99ff743502d5299462B580Dd566e572d225A6,0xB31f66AA3C1e785363F0875A1B74E27b85FD66c7,0x4b747591dD4917Cab41A0f553dEfCda4F875210F,100.0,traderjoe,42845206.0
484,0xDcd6FdC749344422E81C6F2C50c10EcB757B0513,0xB31f66AA3C1e785363F0875A1B74E27b85FD66c7,0x9379122a55Ae82CFB9fe1eB9F57fD77f8af1E1DD,100.0,traderjoe,42845661.0
485,0x54e1b738b4fe27FE823bAED823aEa05d3bE758c7,0xB31f66AA3C1e785363F0875A1B74E27b85FD66c7,0xB638fB2aadE66EB74d366C8D2c5328c7E7Aa834f,25.0,traderjoe,42856314.0
486,0x674dC15ED09D22be89702E8457955664b722fDc1,0xB31f66AA3C1e785363F0875A1B74E27b85FD66c7,0xde8DF8cb19F5DF25A3609A247369Cf6A77199058,100.0,traderjoe,42856627.0
487,0x2b1D36f5B61AdDAf7DA7ebbd11B35FD8cfb0DE31,0xB31f66AA3C1e785363F0875A1B74E27b85FD66c7,0xbC27FC30D6638f4e5c8eddCF772097B4a3A90015,100.0,traderjoe,42858984.0
488,0x20a57b32eED759105a725aF808aF6D601b88Fadb,0xB31f66AA3C1e785363F0875A1B74E27b85FD66c7,0xA27fA3fB2a01fA0aB27EFf03AA756e5b67593495,100.0,traderjoe,42859123.0
489,0xD11dF5A8a434e517F72379801b46fDf54d91b240,0xB31f66AA3C1e785363F0875A1B74E27b85FD66c7,0x06a0779301AdACDD18A7163e350D7bA2Ef4f3B55,100.0,traderjoe,42864317.0
490,0x4D25F04717160b63E4d4D902AE9962722412A777,0x9702230A8Ea53601f5cD2dc00fDBc13d4dF4A8c7,0xf53369bC9f9913dc1F4519dA6a541083f8F2931C,100.0,traderjoe,42864516.0
491,0x8aD25B0083C9879942A64f00F20a70D3278f6187,0xB97EF9Ef8734C71904D8002F8b6Bc66Dd9c48a6E,0x076495fbFDFf0D31dbB3D7Ae83Ae48D0b48544b2,100.0,traderjoe,42865503.0
492,0x102F8e05e766A3067d2A7EE7D0b8fd76bFd2159C,0xB31f66AA3C1e785363F0875A1B74E27b85FD66c7,0x6ef8aE4B71d750E35EFB34D72e8159Ddf6a07fA7,100.0,traderjoe,42870809.0
493,0x07B057133d28d44Fc1C917D8F77A5a8099f01A97,0xB31f66AA3C1e785363F0875A1B74E27b85FD66c7,0xa0cb1032EfBd5C95189163fF9C9FF954B17E4B89,100.0,traderjoe,42873239.0
494,0x64848A3c71c051C63788E0FCfC891a98bc78CA08,0xB31f66AA3C1e785363F0875A1B74E27b85FD66c7,0x556361FEd011bb9e571a83C48b0Bf01Dce76542C,25.0,traderjoe,42880185.0
495,0x779395dF350Fa4977b8b8680BB2dDb45d316ffEe,0xB31f66AA3C1e785363F0875A1B74E27b85FD66c7,0x14cbcd730d5B20f6aae34795e14bC20435BC60ab,50.0,traderjoe,42880410.0
496,0x779395dF350Fa4977b8b8680BB2dDb45d316ffEe,0x9702230A8Ea53601f5cD2dc00fDBc13d4dF4A8c7,0x3C5ce22625a0E5c29bA9E311216c30895482EF5D,50.0,traderjoe,42881918.0
497,0x6C737066F4410a7B12219eA1B32b32C4DdC11bb3,0xB31f66AA3C1e785363F0875A1B74E27b85FD66c7,0x3373A310f6d3903Ce109923A87a5Dc71653bD02B,50.0,traderjoe,42883415.0
498,0x2f1b1956Bf312fA66236B9126DF5177Ef7530919,0xB31f66AA3C1e785363F0875A1B74E27b85FD66c7,0xD3E1177eDe0f85039A8b0a9C9A473cfEefe8F89c,25.0,traderjoe,42884000.0
499,0x2e6f1150A822EFc4A12a89ad32dF647804a3c89e,0xB31f66AA3C1e785363F0875A1B74E27b85FD66c7,0x1628C56BC6B801Ee7767Aa74Cf48c813BB15913B,100.0,traderjoe,42884114.0
500,0x242e2469A0f2d3DF84190125e03313d941779818,0xB31f66AA3C1e785363F0875A1B74E27b85FD66c7,0xc783df06185AEB50C21461d98F7C9333aa102B44,50.0,traderjoe,42884293.0
501,0x5db9d8AB851177404063e398e8355c11BA913542,0xB31f66AA3C1e785363F0875A1B74E27b85FD66c7,0xDa54518606a9A7aA52330855de2CA31eab79062F,25.0,traderjoe,42884622.0
502,0xa34D0838467b19E0F6EB2451AA64B819cD296157,0xB31f66AA3C1e785363F0875A1B74E27b85FD66c7,0xa3b746bEBD136a1C0b4446F267CBC86602e70d21,100.0,traderjoe,42884855.0
503,0xefBf5b248614488a8cD1b0cc1B1cad94f63932F2,0xB31f66AA3C1e785363F0875A1B74E27b85FD66c7,0xd63127A0F92F3f4e31f5C10cEbAcc0C4C500CE28,25.0,traderjoe,42890194.0
504,0x54DC305fd3542d402baFDCDE0574Eb9a0A893408,0xB31f66AA3C1e785363F0875A1B74E27b85FD66c7,0xc4Cd45c64457FE555ff64d772F9f4D94ed43411d,100.0,traderjoe,42894430.0
505,0xc094f327A80eB331BaCd1318D0F68cEB9A3b3ce2,0xB31f66AA3C1e785363F0875A1B74E27b85FD66c7,0xCca80415583b150562a646f7E6791EAf3777A3c8,50.0,traderjoe,42894602.0
506,0x5a5e3122E4285b1eB4D5a5A16E927dc6F677866b,0xB31f66AA3C1e785363F0875A1B74E27b85FD66c7,0xa8EB2229812919B1Fb9FFb99975CD6545F9e49D4,100.0,traderjoe,42901952.0
507,0x87Ded733b3f25b02Ac9d753c333Ec552101bF670,0xB31f66AA3C1e785363F0875A1B74E27b85FD66c7,0x17144bC9EEAF290B19CAc26f1DC5EF12F1Bf848E,100.0,traderjoe,42903812.0
508,0x6d0467F4c4B9846f959A58137133CB8E35AFEa08,0xB31f66AA3C1e785363F0875A1B74E27b85FD66c7,0x8cE7104E77f6d84ce2BEA884B37Ec59f786AA005,50.0,traderjoe,42905908.0
509,0xfA461e94c37aC925f4EA8fBC69188873BE880346,0xB31f66AA3C1e785363F0875A1B74E27b85FD66c7,0x031041Dd404851A9859f4E2E639e6ff3eBe16A2d,25.0,traderjoe,42906753.0
510,0xeD2747555248069B44e130f5B0d0727822fF19c5,0xB31f66AA3C1e785363F0875A1B74E27b85FD66c7,0x439E4085755FD52eBD0AaB918f630f70ccc1F934,25.0,traderjoe,42906905.0
511,0xF00ba20336fB21875da8bCDC8ff9E148eCAa53E5,0xB31f66AA3C1e785363F0875A1B74E27b85FD66c7,0x7a9Ea680340800993f40be303aa8Cd930DD8aC38,25.0,traderjoe,42906999.0
512,0x6AA2293fb52497497bF7AFB8DE90Afd4Bfaf7a0E,0xB31f66AA3C1e785363F0875A1B74E27b85FD66c7,0xD68ADD78AB27d5aF1754d1636B66d6E9cEB8a95f,100.0,traderjoe,42907745.0
513,0x90CE071CEB69a0D93c39e29f9053013229dC9b80,0xB31f66AA3C1e785363F0875A1B74E27b85FD66c7,0x696335E58E118001fd8B81BF3669378D28665188,50.0,traderjoe,42914188.0
514,0x31Fc192175B00Ce009af5138c38377a2a34d7246,0x9702230A8Ea53601f5cD2dc00fDBc13d4dF4A8c7,0x67a7AdfA77454df66627fFEE56F37A9A347575Db,25.0,traderjoe,42914884.0
515,0x078404004442c3f2B0F1868947BC275976f0089a,0x9702230A8Ea53601f5cD2dc00fDBc13d4dF4A8c7,0xaC2c5FA4bEfd250D7926cf09Be4F93D5b42D7c04,25.0,traderjoe,42915754.0
516,0x8aD25B0083C9879942A64f00F20a70D3278f6187,0x9702230A8Ea53601f5cD2dc00fDBc13d4dF4A8c7,0x0C83c3D04fc5B1059c12476feB06Dd14B7503Fe2,25.0,traderjoe,42916130.0
517,0x49dF7cE3270884A70C27277bd4B2197834E68e7A,0x9702230A8Ea53601f5cD2dc00fDBc13d4dF4A8c7,0x8F15e45E9603D37e5c7ADb87101B1A9C212faFC5,25.0,traderjoe,42916585.0
518,0x420FcA0121DC28039145009570975747295f2329,0x152b9d0FdC40C096757F570A51E494bd4b943E50,0x8fe92E704D366aB17Fe8495bD955E1cD8024BeC1,100.0,traderjoe,42917956.0
519,0x264c1383EA520f73dd837F915ef3a732e204a493,0xB31f66AA3C1e785363F0875A1B74E27b85FD66c7,0x561A930A458350a7e9FcB91EF32e68C12dBEBa28,100.0,traderjoe,42919786.0
520,0x87bbFc9DCB66Caa8ce7582A3F17B60a25cd8A248,0xB31f66AA3C1e785363F0875A1B74E27b85FD66c7,0x65659F44053EAF634eF924edB6427014b6F00b60,100.0,traderjoe,42930492.0
521,0xE1b0ef41B9be5CF34cF01E48CBb6f3b83ef3588D,0xB31f66AA3C1e785363F0875A1B74E27b85FD66c7,0xdd208B9262D73c3D4fd2682aF2AbcEE9588b4032,100.0,traderjoe,42931388.0
522,0xEbB5d4959B2FbA6318FbDa7d03cd44aE771fc999,0xB31f66AA3C1e785363F0875A1B74E27b85FD66c7,0x35E38AFa03316Fb77133907aC8f5b198a1169AC6,100.0,traderjoe,42937597.0
523,0x20620a6394d19fED36FAe79c05223D863E9A6848,0xB31f66AA3C1e785363F0875A1B74E27b85FD66c7,0xE1344c9563390955d2313997D4F4AACdEf2ec0B8,25.0,traderjoe,42939275.0
524,0x7C335cAA01ADb8fB346b2308D3c5A1B330B53b2B,0xB31f66AA3C1e785363F0875A1B74E27b85FD66c7,0x74b927C83b2E1A51DA9293112805283f81aAB704,25.0,traderjoe,42940025.0
525,0x4F7cE273d34fc3513673De88781aF62edCaC84Ec,0xB31f66AA3C1e785363F0875A1B74E27b85FD66c7,0xB6ebfa2D209b65A69c422CE952ae2716b25170A0,100.0,traderjoe,42942098.0
526,0x7A3aab2E0C3b983ed3264779d1D024f587BD1525,0xB31f66AA3C1e785363F0875A1B74E27b85FD66c7,0x046A7665392c1539DBde0c127727E1C4Ad921650,100.0,traderjoe,42943059.0
527,0xB28abac8Ff61E29194c959eD9b94aA58B0f40Cc9,0xB31f66AA3C1e785363F0875A1B74E27b85FD66c7,0xa760bFA2C4E4dE07E2c9CbbB0FAFCA44Cc000ef5,25.0,traderjoe,42945325.0
528,0xD1433e5f40D555524fF3cc4Eed2f0EB0067C6861,0xB31f66AA3C1e785363F0875A1B74E27b85FD66c7,0x7c30e5B48896C82D713079B100AeC9Dc620aE1ed,100.0,traderjoe,42945514.0
529,0x767617FcABB7a48bB59d0BBe02DC12031533fF5B,0xB31f66AA3C1e785363F0875A1B74E27b85FD66c7,0xb5f0C5b9a06af9D5955de6428240a153Fa300926,100.0,traderjoe,42945914.0
530,0xF1f537F778A9C5Db46d1CB5b55Bd899427291F7b,0xB31f66AA3C1e785363F0875A1B74E27b85FD66c7,0x8557bF5d8cd7De9C1Ba2B50b25595f53b69d4Bd9,25.0,traderjoe,42947468.0
531,0x103eB9A126680a1625f43A0Be7567e06ef0bB7dD,0xB31f66AA3C1e785363F0875A1B74E27b85FD66c7,0x8DD54B8f95cAD8e2eE355eeeA56083DdF206451A,25.0,traderjoe,42948336.0
532,0x5EE8180571E4ce7F81b0EA1AA75571F910ECf16E,0xB31f66AA3C1e785363F0875A1B74E27b85FD66c7,0x64B103f4762d5764181444EAEE2423dd0E0D0dE2,100.0,traderjoe,42948439.0
533,0x83edD74004f8b22cD201687AB61d66f0d89864f6,0xB31f66AA3C1e785363F0875A1B74E27b85FD66c7,0x51281A433063E7634e98A42c2B595677202682E0,100.0,traderjoe,42950012.0
534,0x9B01738419761D1cf54eF6eAd36139e993294648,0xB31f66AA3C1e785363F0875A1B74E27b85FD66c7,0xE252eb647283fe2a7AcB3A958b334b0d6B5d6128,25.0,traderjoe,42950142.0
535,0x77AadffF4C5D2D401699c29b5eE0Dfab8C9Ad4B5,0xB31f66AA3C1e785363F0875A1B74E27b85FD66c7,0x0A23dF59077C1A5f76EEA81296EaBBd7141390C4,100.0,traderjoe,42950602.0
536,0x982F9aFd869CF08D9Ca74657a442508bBCf008c0,0xB31f66AA3C1e785363F0875A1B74E27b85FD66c7,0x05134d82cD4fF2Cb976173801ef831205d04a4F3,50.0,traderjoe,42968885.0
537,0xfcd237be07796a5dfFf749fC10ce745c5857408d,0xB31f66AA3C1e785363F0875A1B74E27b85FD66c7,0x7A078f6B16713621adf9f0532fc4Dfe37a04c44B,100.0,traderjoe,42972500.0
538,0xaC800FD6159c2a2CB8fC31EF74621eB430287a5A,0xB31f66AA3C1e785363F0875A1B74E27b85FD66c7,0x41cD079ef1510B52506ABda8a7DBeeAd0802CcA4,100.0,traderjoe,42973201.0
539,0xBbBe0ae351b6129d8EC8Df5211c5354141a264d7,0xB31f66AA3C1e785363F0875A1B74E27b85FD66c7,0x39cBAb953Ec764fA3c937789CefC374354331e56,100.0,traderjoe,42973718.0
540,0x295B8CAb5667b7972abEE1FdF3C8C9DC2e7A4bc8,0xB31f66AA3C1e785363F0875A1B74E27b85FD66c7,0xCB11fb4456fab170eF482f2FF14AD6620A1b995a,100.0,traderjoe,42974941.0
541,0x3880b8D4546d1aD5701F89f287925Fb34E36a525,0xB31f66AA3C1e785363F0875A1B74E27b85FD66c7,0xDD10Ca1e287528bBcEDa0113A0a7323F76b3eba0,100.0,traderjoe,42974996.0
542,0x02b4dDF7C16569550259967Be7b1c59d5045e04A,0x9702230A8Ea53601f5cD2dc00fDBc13d4dF4A8c7,0x21A6f999bc99B4E26759b5dEFbeBE40d5E871a70,100.0,traderjoe,42980133.0
543,0x8d4055E9e34a9C44ce6363621D36ba2CFd114589,0xB31f66AA3C1e785363F0875A1B74E27b85FD66c7,0x54f6B18DA553314494aB2966FF918BACCDDE1A66,25.0,traderjoe,42982372.0
544,0x1c9F4a4E8cE3aE8cfF1948198F6b703C19Cdb849,0xB31f66AA3C1e785363F0875A1B74E27b85FD66c7,0x1d3Bbcf6Bb2E78c6299f21561A2323454257C6Ff,25.0,traderjoe,42982511.0
545,0x98114fA563eE4B074605E31f62396987bCEC1B41,0xB31f66AA3C1e785363F0875A1B74E27b85FD66c7,0x254C0E5c43f7dA99E98d6D8ba0536f59Ea435f3c,25.0,traderjoe,42982643.0
546,0xBe7a5ff42538a6B945821383F67fD6DdC08D669B,0xB31f66AA3C1e785363F0875A1B74E27b85FD66c7,0x636207d941Da85b08d3874751A627EC678883674,100.0,traderjoe,42983404.0
547,0x7453684041255E860bEdc8d523F87ea2d864c6fd,0xB31f66AA3C1e785363F0875A1B74E27b85FD66c7,0xb5Cb96AeFECfb0e4377222388562a06Ed2dffea9,100.0,traderjoe,42984291.0
548,0xF84f1627e6D373151e0cc1885a2a21ed0C56B9A6,0xB31f66AA3C1e785363F0875A1B74E27b85FD66c7,0x230f6c589A1D1c02cC55ce5094598011F33CAFF8,100.0,traderjoe,42984633.0
549,0xde8232cf3CcA014554e3B607e0fd554FBFdb20c6,0xB31f66AA3C1e785363F0875A1B74E27b85FD66c7,0xf1AFB0bD1364FA8E1ce08DD07EB9402cd9B38340,50.0,traderjoe,42986157.0
550,0xfA997722bEb996486792EBc3AF542090b855C519,0xB31f66AA3C1e785363F0875A1B74E27b85FD66c7,0x1763F132b3C652444D6E234f6B9BB5609EF48Ff8,25.0,traderjoe,42990152.0
551,0x5B1B1dc1884b042b64334c98A6437C35ABcE19A4,0xB31f66AA3C1e785363F0875A1B74E27b85FD66c7,0x0258A7a22676952b7d5a7D0F028e033d8d96183B,25.0,traderjoe,42991319.0
552,0xDf70853fEC0760BDB1941d646806BC4A37A8E1F6,0xB31f66AA3C1e785363F0875A1B74E27b85FD66c7,0xe6fd36f9f5c7253857f80024f3fB91B08247Ae58,100.0,traderjoe,42996926.0
553,0xfA997722bEb996486792EBc3AF542090b855C519,0xB31f66AA3C1e785363F0875A1B74E27b85FD66c7,0xcC4Ca6888CA6755558F668A108D6B821e04abE6B,50.0,traderjoe,43000965.0
554,0x57E6f8FDD012ff999580A1D6d769dCAC649d90A6,0xB31f66AA3C1e785363F0875A1B74E27b85FD66c7,0xbde2C5AB01C17E1809F2341472843BC3CEeE0182,100.0,traderjoe,43001059.0
555,0xfA997722bEb996486792EBc3AF542090b855C519,0xB31f66AA3C1e785363F0875A1B74E27b85FD66c7,0xd8902438762c8fC7e0572107E496d5E972057FAa,100.0,traderjoe,43003723.0
556,0x9827d6e4b004f77f6748b840FCa538B8414C4BDE,0xB31f66AA3C1e785363F0875A1B74E27b85FD66c7,0xCfE395b46251E889F8f60cFF89A88b70aD24a60e,100.0,traderjoe,43010946.0
557,0x5c912977E45CFF17e9B40790d0A72c3641e7b31f,0xB31f66AA3C1e785363F0875A1B74E27b85FD66c7,0x1fE4fFdD4d93D7A68bd0dC2e75417526fa1302d8,100.0,traderjoe,43013144.0
558,0xCAFc8E4ec6Beda1CA915390836916e2F1099B5F7,0xB31f66AA3C1e785363F0875A1B74E27b85FD66c7,0xA89CBe056B5E97CF654c17050048f50c46A9a9da,100.0,traderjoe,43013606.0
559,0x7A9E6EC08410461a91f942E74CF91b72C6BA4Ce6,0xB31f66AA3C1e785363F0875A1B74E27b85FD66c7,0x3aCE6A371b418423941B529c0E274075765a518d,100.0,traderjoe,43018696.0
560,0xfB98B335551a418cD0737375a2ea0ded62Ea213b,0xB31f66AA3C1e785363F0875A1B74E27b85FD66c7,0x972A48C3739d45C71454f24e9Df4dD1D018EB1D3,50.0,traderjoe,43018844.0
561,0x7A9E6EC08410461a91f942E74CF91b72C6BA4Ce6,0xB31f66AA3C1e785363F0875A1B74E27b85FD66c7,0xAC6B8b2beFC9321f005C03B5b49Ede5dD5CD1C30,25.0,traderjoe,43019947.0
562,0x1fF7ACf829D0aFc1F8488b33215E536F00cc1513,0xB31f66AA3C1e785363F0875A1B74E27b85FD66c7,0x7B13bEefE84D06d0B546D1068FBA7873B2474062,50.0,traderjoe,43020559.0
563,0xAa78c676c9de78d7FDB358Fa0058C6FCE6DAf242,0xB31f66AA3C1e785363F0875A1B74E27b85FD66c7,0xB176B6105CAB3630238FB2b6371bA601c0BF623B,100.0,traderjoe,43023426.0
564,0x89E91A59F2CB05ca846dD1b012820c0ADA7eCEA9,0xB31f66AA3C1e785363F0875A1B74E27b85FD66c7,0x5452a4b65Ddc594268E87eFe17b82375886f7373,100.0,traderjoe,43024227.0
565,0x2b4a0808FBA59a2b0596f1f568409Ddebc895802,0xB31f66AA3C1e785363F0875A1B74E27b85FD66c7,0x37fFD1564C208C981302fC343C343E593224Ae4c,50.0,traderjoe,43026305.0
566,0x5439f7908eBe23c064f0E62aDA879097fD3BEAc9,0xB31f66AA3C1e785363F0875A1B74E27b85FD66c7,0xD68217C2DE23F7b33c3E02691Febd3C70Cb1BaE9,100.0,traderjoe,43033001.0
567,0xf85A5E12C05b179A367749F5430194fbc72E3740,0xB31f66AA3C1e785363F0875A1B74E27b85FD66c7,0xb8717A539d6D2087C7071324Dca2F2626755f432,100.0,traderjoe,43034805.0
568,0x9f8D308e8E129A1c72404a182e1CA2FF074E53DC,0xB31f66AA3C1e785363F0875A1B74E27b85FD66c7,0x4f029b800b313AF5D35D152DaDbeE1EB00088A7f,100.0,traderjoe,43037769.0
569,0x220Bc0C3205d9a9Be00ba049ccC4b6C593EFdB85,0xB31f66AA3C1e785363F0875A1B74E27b85FD66c7,0x973dcfcBbF893cff81ad967c0392c985c0f04B7b,100.0,traderjoe,43040609.0
570,0x180Ae07D69Dac64CFB2de71d02DdeEACCC94d316,0xB31f66AA3C1e785363F0875A1B74E27b85FD66c7,0xB274487f4709f79c38cE0cc7872c8aEF89F3FB0D,25.0,traderjoe,43055375.0
571,0x31Fc192175B00Ce009af5138c38377a2a34d7246,0xB31f66AA3C1e785363F0875A1B74E27b85FD66c7,0x30703B0a0B63BAD1b66CA04ab8dB59cc82864D7A,100.0,traderjoe,43058622.0
572,0x59f5f9389a4FE3cD568a4a57704cc44A38484505,0xB31f66AA3C1e785363F0875A1B74E27b85FD66c7,0xAAA37Ce579cdF671b76DD86B06A41ea13e72F738,100.0,traderjoe,43058716.0
573,0x282CadFF7EC60503b305E1FFC002b0490C6FE72a,0xB31f66AA3C1e785363F0875A1B74E27b85FD66c7,0xab8983A6FC8fb345B826404400A672AfEf066473,100.0,traderjoe,43062832.0
574,0xeEDf0F4De7665eFBB751e7D4418cDF79274Ccc2F,0xB31f66AA3C1e785363F0875A1B74E27b85FD66c7,0xbE217496e754DC5ff25a07fF31fB37604B3074E5,100.0,traderjoe,43062916.0
575,0xd9a4ABa60EfF87439fa40E7B2D13Ad67f329D08e,0xB31f66AA3C1e785363F0875A1B74E27b85FD66c7,0x816a29b98024785f5E936706D09163D44CBF9243,100.0,traderjoe,43069383.0
576,0xDff979EF4aEf846092d97Cb23700D98fFf18Bca6,0xB31f66AA3C1e785363F0875A1B74E27b85FD66c7,0x368357aD7234C3aF54F6120EE069dE025d067ADF,100.0,traderjoe,43069741.0
577,0x217764ba6ED343a97829E66E79ad82da7997111a,0xB31f66AA3C1e785363F0875A1B74E27b85FD66c7,0xc2d1Eee8E14950F5b3C11d1b160B3bdE2DcaBCA3,100.0,traderjoe,43070073.0
578,0x50b7545627a5162F82A992c33b87aDc75187B218,0xB31f66AA3C1e785363F0875A1B74E27b85FD66c7,0xe6d4D5d6F0FB637975c48b9fA916730c1687485b,25.0,traderjoe,43070100.0
579,0xE858D3A015a8bE1CA2Dd45A95Ed5b68AeDEF92fB,0xB31f66AA3C1e785363F0875A1B74E27b85FD66c7,0xFd690c470027B89847459506451A4EFe92B08B5d,100.0,traderjoe,43071591.0
580,0xb5bb15664024BcacFe4EC68E5CeDDe66769A9350,0xB31f66AA3C1e785363F0875A1B74E27b85FD66c7,0x492894C1F18a35560338070050feCf36fd79ea27,100.0,traderjoe,43073027.0
581,0x9ca7BE16070477CB29D124E1bf34edd597926E05,0xB31f66AA3C1e785363F0875A1B74E27b85FD66c7,0x17E4ff641c6fbeB0288774E1E6B3daD8a9069469,25.0,traderjoe,43073277.0
582,0x812A5101149FCD92889F537B644eD083fed9A9fc,0xB31f66AA3C1e785363F0875A1B74E27b85FD66c7,0x250247439D7428f017B96A1E7820a637471872C4,100.0,traderjoe,43074870.0
583,0xF6cA85260C72C2d981CD482B2B375311152EE1e9,0xB31f66AA3C1e785363F0875A1B74E27b85FD66c7,0x521AC4F597b1E0ea5A34481584704D4eeF00ac27,100.0,traderjoe,43075545.0
584,0x7814b68D10982b9ad50CEb99CC9E17D4848670D7,0xB31f66AA3C1e785363F0875A1B74E27b85FD66c7,0x899d7127b3e5889F13A9AF3944038664cE13af6A,100.0,traderjoe,43078204.0
585,0xd3403BBEc705c72C1B082520A51a51cfF7c25784,0xB31f66AA3C1e785363F0875A1B74E27b85FD66c7,0xD5C805bcBece75A112Ea2D1362e99430a854Adf1,100.0,traderjoe,43078544.0
586,0xbb9353F5605C7a4b270f6E4A5b441DEe2D1A1971,0xB31f66AA3C1e785363F0875A1B74E27b85FD66c7,0xdDEAf539d814bE4557080dE3EFF7BF7Fe2528f92,100.0,traderjoe,43079708.0
587,0x44Fb820efB4bd788620D1C39A53F5FaA5074FBB5,0xB31f66AA3C1e785363F0875A1B74E27b85FD66c7,0x00f2CAc454F2B5619fBda1f8FBfb3A26049d8D7D,100.0,traderjoe,43079914.0
588,0x1E665D8F7Ea453a897a237ea2D5122dddC0dc530,0xB31f66AA3C1e785363F0875A1B74E27b85FD66c7,0x1059FdF8a9670D924499E3fD72Bfb115913fc95C,100.0,traderjoe,43079988.0
589,0x2c3066e7Ae1bade877da3a227b44BD3AE00398b6,0xB31f66AA3C1e785363F0875A1B74E27b85FD66c7,0xf6448FC1D9C9079a893CDa2852CB1E3480CEbD14,100.0,traderjoe,43080109.0
590,0xd924e8e08f6abA3DD93e0c123A4ACE90A2Ab4453,0xB31f66AA3C1e785363F0875A1B74E27b85FD66c7,0x35A856877c7A8866fC43051cd4aD7cBAbC98ac55,100.0,traderjoe,43080232.0
591,0xDc91844cAadE08B521bC0D13265525320116649C,0xB31f66AA3C1e785363F0875A1B74E27b85FD66c7,0x1FB4E3C2ACEb399C4a98fEC778D152CF773e965E,100.0,traderjoe,43080349.0
592,0x500d9a84E09a7307df27E47E26DF0Ff598F6123e,0xB31f66AA3C1e785363F0875A1B74E27b85FD66c7,0xEEfA0c8d4CE371fceE2F0694e8C8063Fa2618DaA,100.0,traderjoe,43080532.0
593,0xa34D0838467b19E0F6EB2451AA64B819cD296157,0xB97EF9Ef8734C71904D8002F8b6Bc66Dd9c48a6E,0x6744ac685F88AF6303F3f80CD88564F23A2F5980,100.0,traderjoe,43096160.0
594,0x75613792D7982Eb6f33001Cb663Cc87c31428C5E,0xB31f66AA3C1e785363F0875A1B74E27b85FD66c7,0xb50969C889838A4a7e0b44fecec82A837b807cB4,100.0,traderjoe,43109784.0
595,0xFF1cd9D21a455F91C9D4d397D6c944Da1D8178e9,0xB31f66AA3C1e785363F0875A1B74E27b85FD66c7,0x26b784Da76fB0476f31d632031B2411afee83ffF,100.0,traderjoe,43111378.0
596,0xFF1cd9D21a455F91C9D4d397D6c944Da1D8178e9,0xB31f66AA3C1e785363F0875A1B74E27b85FD66c7,0x27E761B65cF7Ce611b7370D90d33312F353a1CFa,25.0,traderjoe,43111409.0
597,0xb27c8941a7Df8958A1778c0259f76D1F8B711C35,0xB31f66AA3C1e785363F0875A1B74E27b85FD66c7,0x0e184fa9846219de0D20Be9e9d3Cc5F865939249,25.0,traderjoe,43113882.0
598,0xb27c8941a7Df8958A1778c0259f76D1F8B711C35,0xB97EF9Ef8734C71904D8002F8b6Bc66Dd9c48a6E,0x3bf97b55C5DD1E8cE751C0f60e20a42B628d281d,100.0,traderjoe,43114028.0
599,0xb014430ec5a7B56224e40850f2afBE10A5bd685d,0x9702230A8Ea53601f5cD2dc00fDBc13d4dF4A8c7,0x1866646797190c9fF43bCF67C149B93353b7619b,50.0,traderjoe,43116280.0
600,0x6b1f8486E9Bd4fEF13D52f49BCA093596cfe7466,0xB31f66AA3C1e785363F0875A1B74E27b85FD66c7,0xdf9232D052F586B83e347480c8d99506D4561009,100.0,traderjoe,43116941.0
601,0x6b1f8486E9Bd4fEF13D52f49BCA093596cfe7466,0xB31f66AA3C1e785363F0875A1B74E27b85FD66c7,0x9930f25E1c308FD8D1B363FDCEb0cd90C2705507,50.0,traderjoe,43118054.0
602,0x39b1BD159f0dB3f315F97193Cd4F0ebF069679b9,0xB31f66AA3C1e785363F0875A1B74E27b85FD66c7,0xBD0BD27374542889C95A3138Db85683ed1E85c00,100.0,traderjoe,43129914.0
603,0x372E3D3f63C420fc2CCBbD595b0879a56b1721F1,0xB31f66AA3C1e785363F0875A1B74E27b85FD66c7,0x625e10EED2FAc9E39D1E5470c9dCF84d68f623A8,50.0,traderjoe,43143813.0
604,0xC73701cd35c08D376FD0862a709D2e5aD11c41A1,0xB31f66AA3C1e785363F0875A1B74E27b85FD66c7,0x3AEDF701e79a353be79e101fa86c925259cAaC21,100.0,traderjoe,43154304.0
605,0xC55A5b7ba616EE82FCc4e0ABCa9966c82023148E,0xB31f66AA3C1e785363F0875A1B74E27b85FD66c7,0x901E5658caA1848659aCEe5C105b16101359cfcc,100.0,traderjoe,43154672.0
606,0xE5f70e5F70081Ef92896C19ebFF1eA50def62deA,0xB31f66AA3C1e785363F0875A1B74E27b85FD66c7,0xC7Ad62687d229Eb13C3B8F1B7F4Aecdf258bcc82,100.0,traderjoe,43155963.0
607,0xec87b9ce586151F256BB51C4666b6d7B896f3dAf,0xB31f66AA3C1e785363F0875A1B74E27b85FD66c7,0x1d1C1BbA429d168839631edBBC4c284aF0f7723c,100.0,traderjoe,43156441.0
